t,x,y,yaw,vx,vy
0,0,0,0,0,0
0.031415926535897934,0.0062829269247282708,4.9347007335760546e-05,0.015707963267948967,0.19997532649633212,0.0031414634623641354
0.062831853071795868,0.012564303631251319,0.00019737585370737721,0.031415926535897934,0.19990131207314632,0.0062821518156256587
0.094247779607693802,0.018842580283857067,0.00044405001521201094,0.047123889803846901,0.19977797499239403,0.0094212901419285337
0.12566370614359174,0.025116207811725355,0.00078930862869137529,0.062831853071795868,0.19960534568565433,0.012558103905862676
0.15707963267948966,0.03138363829113798,0.0012330665067488095,0.078539816339744828,0.1993834667466256,0.01569181914556899
0.1884955592153876,0.037643325327405733,0.0017752141587679946,0.094247779607693788,0.199112392920616,0.018821662663702863
0.21991148575128555,0.043893724436418112,0.0024156178179281246,0.10995574287564275,0.19879219109103596,0.021946862218209053
0.25132741228718347,0.050133293425721703,0.0031541194742088674,0.12566370614359171,0.19842294026289559,0.025066646712860848
0.28274333882308139,0.056360492775033071,0.0039905369133769724,0.14137166941154067,0.19800473154331152,0.028180246387516528
0.31415926535897931,0.062573786016092356,0.0049246637619449092,0.15707963267948963,0.19753766811902757,0.031286893008046171
0.34557519189487729,0.068771640111763829,0.0059562695380904326,0.17278759594743859,0.1970218652309548,0.034385820055881901
0.37699111843077521,0.074952525834289865,0.0070850997085245273,0.18849555921538755,0.19645745014573776,0.037476262917144919
0.40840704496667313,0.081114918142605005,0.0083108757512936875,0.20420352248333651,0.19584456212435317,0.040557459071302489
0.4398229715025711,0.08725729655861704,0.0096332952245010393,0.21991148575128547,0.1951833523877495,0.043628648279308506
0.47123889803846902,0.093378145542362179,0.011052031840929358,0.23561944901923443,0.19447398407953534,0.046689072771181069
0.50265482457436694,0.099475954865941935,0.01256673554854755,0.25132741228718342,0.19371663222572622,0.049737977432970953
0.53407075111026492,0.10554921998614918,0.014177032616880761,0.2670353755551324,0.19291148369155964,0.052774609993074574
0.56548667764616278,0.11159644241569172,0.01588252572922277,0.28274333882308139,0.19205873713538862,0.055798221207845861
0.59690260418206076,0.1176161300929216,0.01768279408066795,0.29845130209103038,0.19115860295966602,0.0588080650464608
0.62831853071795862,0.12360679774997899,0.019577393481938571,0.31415926535897937,0.19021130325903071,0.061803398874989493
0.6597344572538566,0.12956696727925979,0.021565856468981872,0.32986722862692835,0.18921707176550906,0.064783483639629894
0.69115038378975457,0.13549516809811657,0.023647692418309812,0.34557519189487734,0.1881761537908451,0.067747584049058299
0.72256631032565244,0.14138993751170287,0.02582238766805307,0.36128315516282633,0.18708880616597345,0.070694968755851448
0.75398223686155041,0.14724982107387119,0.028089405644699438,0.37699111843077532,0.18595529717765027,0.073624910536935623
0.78539816339744839,0.1530733729460359,0.030448186995485297,0.39269908169872431,0.18477590650225736,0.076536686473017979
0.81681408993334625,0.15885915625391223,0.032898149726407547,0.40840704496667329,0.18355092513679622,0.079429578126956168
0.84823001646924423,0.16460574344204348,0.035438689345821908,0.42411500823462228,0.18228065532708904,0.082302871721021797
0.87964594300514221,0.17031171662602904,0.038069179013592198,0.43982297150257127,0.18096541049320392,0.085155858313014574
0.91106186954104007,0.17597566794236602,0.040788969695753761,0.45553093477052026,0.17960551515212311,0.08798783397118308
0.94247779607693805,0.18159619989581868,0.043597390324652874,0.47123889803846924,0.17820130483767357,0.090798099947909411
0.97389372261283591,0.1871719257042293,0.046493747964522651,0.48694686130641823,0.17675312601773865,0.093585962852114735
1.0053096491487339,0.19270146964068607,0.049477327982454591,0.50265482457436717,0.17526133600877269,0.096350734820343106
1.0367255756846319,0.19818346737296297,0.052547394224723529,0.51836278784231615,0.17372630288763824,0.099091733686481553
1.0681415022205298,0.20361656630014846,0.055703189198422577,0.53407075111026514,0.17214840540078871,0.10180828315007431
1.0995574287564276,0.20899942588637949,0.058943934258363147,0.54977871437821413,0.17052803287081841,0.10449971294318983
1.1309733552923256,0.21433071799159858,0.062268829799194007,0.56548667764616312,0.16886558510040298,0.10716535899579938
1.1623892818282235,0.21960912719925263,0.065677055452691938,0.5811946409141121,0.16716147227365402,0.10980456359962641
1.1938052083641215,0.22483335114085218,0.069167770290175318,0.59690260418206109,0.16541611485491234,0.11241667557042619
1.2252211349000195,0.23000210081731137,0.072740113029990672,0.61261056745001008,0.16362994348500465,0.11500105040865578
1.2566370614359172,0.2351141009169892,0.076393202250021081,0.62831853071795907,0.16180339887498946,0.1175570504584947
1.2880529879718152,0.24016809013035356,0.080126136605163836,0.64402649398590806,0.15993693169741807,0.12008404506517688
1.3194689145077132,0.24516282146119053,0.083937995049723907,0.65973445725385704,0.15803100247513802,0.12258141073059536
1.3508848410436112,0.25009706253428199,0.087827837064668166,0.67544242052180603,0.15608608146766589,0.12504853126714111
1.3823007675795091,0.25496959589947582,0.091794702889684374,0.69115038378975502,0.15410264855515779,0.12748479794973802
1.4137166941154071,0.25977921933207337,0.0958376137599877,0.70685834705770401,0.15208119312000612,0.12988960966603683
1.4451326206513049,0.26452474612946064,0.099955572147816266,0.72256631032565299,0.15002221392609183,0.13226237306473046
1.4765485471872029,0.26920500540390924,0.10414756200855621,0.73827427359360198,0.14792621899572186,0.13460250270195476
1.5079644737231008,0.27381884237147536,0.10841254903143548,0.75398223686155097,0.14579372548428224,0.13690942118573782
1.5393804002589988,0.27836511863692559,0.11274948089472456,0.76969020012949996,0.14362525955263769,0.13918255931846296
1.5707963267948968,0.28284271247461884,0.11715728752538108,0.78539816339744895,0.14142135623730942,0.14142135623730961
1.6022122533307945,0.28725051910527538,0.12163488136307436,0.80110612666539793,0.13918255931846277,0.14362525955263786
1.6336281798666925,0.29158745096856448,0.12618115762852464,0.81681408993334692,0.13690942118573765,0.1457937254842824
1.6650441064025905,0.29585243799144373,0.13079499459609079,0.83252205320129591,0.13460250270195459,0.14792621899572203
1.6964600329384885,0.30004442785218366,0.13547525387053938,0.8482300164692449,0.13226237306473029,0.15002221392609202
1.7278759594743864,0.30416238624001224,0.14022078066792668,0.86393797973719388,0.12988960966603663,0.15208119312000629
1.7592918860102844,0.30820529711031558,0.14503040410052426,0.87964594300514287,0.12748479794973783,0.15410264855515796
1.7907078125461822,0.31217216293533179,0.14990293746571809,0.89535390627309186,0.12504853126714091,0.15608608146766606
1.8221237390820801,0.31606200495027603,0.15483717853880957,0.91106186954104085,0.12258141073059517,0.15803100247513818
1.8535396656179781,0.31987386339483609,0.15983190986964654,0.92676983280898984,0.12008404506517667,0.15993693169741821
1.8849555921538761,0.32360679774997886,0.16488589908301091,0.94247779607693882,0.1175570504584945,0.1618033988749896
1.9163715186897741,0.32725988697000924,0.16999789918268873,0.95818575934488781,0.11500105040865559,0.16362994348500481
1.9477874452256718,0.33083222970982457,0.17516664885914793,0.9738937226128368,0.11241667557042596,0.16541611485491248
1.9792033717615698,0.33432294454730793,0.18039087280074748,0.98960168588078579,0.1098045635996262,0.16716147227365416
2.0106192982974678,0.33773117020080584,0.18566928200840152,1.0053096491487348,0.10716535899579918,0.16886558510040314
2.0420352248333655,0.34105606574163672,0.19100057411362062,1.0210176124166837,0.10449971294318963,0.17052803287081852
2.0734511513692637,0.34429681080157726,0.19638343369985164,1.0367255756846325,0.10180828315007413,0.1721484054007888
2.1048670779051615,0.34745260577527631,0.20181653262703717,1.0524335389525814,0.099091733686481387,0.17372630288763832
2.1362830044410597,0.35052267201754522,0.20729853035931406,1.0681415022205303,0.096350734820342954,0.17526133600877281
2.1676989309769574,0.35350625203547714,0.21282807429577083,1.0838494654884792,0.093585962852114596,0.17675312601773874
2.1991148575128552,0.35640260967534693,0.21840380010418148,1.099557428756428,0.090798099947909286,0.1782013048376736
2.2305307840487534,0.35921103030424606,0.22402433205763414,1.1152653920243769,0.087987833971182983,0.17960551515212317
2.2619467105846511,0.36193082098640761,0.22968828337397112,1.1309733552923258,0.08515585831301449,0.18096541049320392
2.2933626371205493,0.36456131065417791,0.23539425655795668,1.1466813185602747,0.082302871721021742,0.18228065532708906
2.3247785636564471,0.36710185027359227,0.24114084374608794,1.1623892818282235,0.079429578126956113,0.18355092513679624
2.3561944901923448,0.36955181300451451,0.24692662705396429,1.1780972450961724,0.076536686473017979,0.18477590650225736
2.387610416728243,0.37191059435530038,0.252750178926129,1.1938052083641213,0.073624910536935623,0.18595529717765027
2.4190263432641408,0.37417761233194674,0.25861006248829732,1.2095131716320702,0.070694968755851462,0.18708880616597345
2.450442269800039,0.37635230758169003,0.26450483190188362,1.225221134900019,0.06774758404905834,0.18817615379084507
2.4818581963359367,0.37843414353101795,0.27043303272074043,1.2409290981679679,0.064783483639629963,0.18921707176550906
2.5132741228718345,0.38042260651806126,0.27639320225002123,1.2566370614359168,0.061803398874989583,0.19021130325903068
2.5446900494077327,0.38231720591933188,0.28238386990707864,1.2723450247038657,0.058808065046460904,0.19115860295966602
2.5761059759436304,0.38411747427077708,0.28840355758430852,1.2880529879718146,0.055798221207845979,0.19205873713538857
2.6075219024795286,0.38582296738311911,0.29445078001385105,1.3037609512397634,0.052774609993074734,0.19291148369155958
2.6389378290154264,0.38743326445145232,0.30052404513405828,1.3194689145077123,0.04973797743297112,0.19371663222572619
2.6703537555513246,0.38894796815907051,0.30662185445763801,1.3351768777756612,0.04668907277118127,0.19447398407953528
2.7017696820872223,0.39036670477549884,0.31274270344138316,1.3508848410436101,0.043628648279308714,0.19518335238774945
2.7331856086231201,0.39168912424870622,0.31888508185739517,1.3665928043115589,0.040557459071302718,0.19584456212435311
2.7646015351590183,0.39291490029147541,0.32504747416571034,1.3823007675795078,0.037476262917145169,0.19645745014573771
2.7960174616949161,0.39404373046190949,0.33122835988823635,1.3980087308474567,0.034385820055882164,0.19702186523095475
2.8274333882308142,0.39507533623805502,0.33742621398390782,1.4137166941154056,0.031286893008046449,0.19753766811902751
2.858849314766712,0.39600946308662299,0.34363950722496711,1.4294246573833544,0.02818024638751683,0.19800473154331147
2.8902652413026098,0.39684588052579112,0.34986670657427849,1.4451326206513033,0.025066646712861164,0.19842294026289553
2.921681167838508,0.39758438218207187,0.3561062755635821,1.4608405839192522,0.021946862218209382,0.19879219109103591
2.9530970943744057,0.398224785841232,0.36235667467259447,1.4765485471872011,0.018821662663703213,0.199112392920616
2.9845130209103039,0.39876693349325121,0.36861636170886219,1.49225651045515,0.015691819145569354,0.19938346674662558
3.0159289474462017,0.39921069137130866,0.37488379218827483,1.5079644737230988,0.012558103905863061,0.1996053456856543
3.0473448739820994,0.39955594998478805,0.38115741971614314,1.5236724369910477,0.0094212901419289345,0.199777974992394
3.0787608005179976,0.3998026241462927,0.38743569636874886,1.5393804002589966,0.0062821518156260794,0.19990131207314632
3.1101767270538954,0.3999506529926643,0.39371707307527193,1.5550883635269455,0.0031414634623645739,0.19997532649633212
3.1415926535897936,0.40000000000000008,0.40000000000000019,1.5707963267948943,4.5633567784153617e-16,0.20000000000000001
3.1730085801256913,0.39995065299266436,0.40628292692472845,1.5865042900628432,-0.0031414634623636614,0.19997532649633212
3.2044245066615891,0.39980262414629275,0.41256430363125152,1.6022122533307921,-0.0062821518156251678,0.19990131207314632
3.2358404331974873,0.39955594998478811,0.41884258028385729,1.617920216598741,-0.0094212901419280237,0.19977797499239403
3.267256359733385,0.39921069137130877,0.4251162078117256,1.6336281798666898,-0.012558103905862148,0.19960534568565436
3.2986722862692832,0.39876693349325137,0.43138363829113824,1.6493361431346387,-0.015691819145568445,0.19938346674662566
3.330088212805181,0.39822478584123222,0.43764332532740596,1.6650441064025876,-0.018821662663702304,0.19911239292061608
3.3615041393410787,0.39758438218207209,0.44389372443641834,1.6807520696705365,-0.021946862218208477,0.19879219109103602
3.3929200658769769,0.39684588052579139,0.45013329342572195,1.6964600329384854,-0.025066646712860255,0.19842294026289564
3.4243359924128747,0.39600946308662333,0.45636049277503332,1.7121679962064342,-0.028180246387515925,0.19800473154331161
3.4557519189487729,0.39507533623805541,0.46257378601609261,1.7278759594743831,-0.031286893008045547,0.19753766811902765
3.4871678454846706,0.39404373046190988,0.46877164011176409,1.743583922742332,-0.034385820055881269,0.19702186523095491
3.5185837720205688,0.3929149002914758,0.47495252583429015,1.7592918860102809,-0.037476262917144267,0.19645745014573787
3.5499996985564666,0.39168912424870667,0.48111491814260532,1.7749998492782297,-0.040557459071301823,0.19584456212435331
3.5814156250923643,0.39036670477549934,0.48725729655861733,1.7907078125461786,-0.043628648279307819,0.19518335238774964
3.6128315516282625,0.38894796815907107,0.49337814554236248,1.8064157758141275,-0.046689072771180382,0.19447398407953551
3.6442474781641603,0.38743326445145287,0.49947595486594226,1.8221237390820764,-0.049737977432970239,0.19371663222572644
3.6756634047000585,0.38582296738311966,0.50554921998614955,1.8378317023500252,-0.052774609993073852,0.19291148369155983
3.7070793312359562,0.38411747427077769,0.51159644241569213,1.8535396656179741,-0.055798221207845104,0.19205873713538885
3.738495257771854,0.38231720591933255,0.51761613009292207,1.869247628885923,-0.058808065046460037,0.19115860295966627
3.7699111843077522,0.38042260651806192,0.52360679774997942,1.8849555921538719,-0.061803398874988716,0.19021130325903099
3.8013271108436499,0.37843414353101867,0.52956696727926023,1.9006635554218207,-0.064783483639629089,0.18921707176550934
3.8327430373795481,0.37635230758169075,0.53549516809811704,1.9163715186897696,-0.06774758404905748,0.1881761537908454
3.8641589639154459,0.37417761233194752,0.54138993751170339,1.9320794819577185,-0.070694968755850615,0.18708880616597379
3.8955748904513436,0.37191059435530116,0.54724982107387177,1.9477874452256674,-0.073624910536934776,0.18595529717765061
3.9269908169872418,0.36955181300451534,0.55307337294603653,1.9634954084936163,-0.076536686473017132,0.18477590650225773
3.9584067435231396,0.3671018502735931,0.55885915625391291,1.9792033717615651,-0.07942957812695528,0.18355092513679661
3.9898226700590378,0.36456131065417879,0.56460574344204417,1.994911335029514,-0.082302871721020909,0.18228065532708945
4.0212385965949355,0.36193082098640855,0.57031171662602975,2.0106192982974629,-0.085155858313013671,0.18096541049320433
4.0526545231308333,0.359211030304247,0.57597566794236676,2.0263272615654118,-0.08798783397118215,0.17960551515212356
4.0840704496667311,0.35640260967534793,0.58159619989581945,2.0420352248333606,-0.090798099947908481,0.17820130483767405
4.1154863762026297,0.3535062520354782,0.58717192570423016,2.0577431881013095,-0.093585962852113791,0.17675312601773918
4.1469023027385274,0.35052267201754628,0.59270146964068693,2.0734511513692584,-0.096350734820342163,0.17526133600877322
4.1783182292744252,0.34745260577527737,0.5981834673729638,2.0891591146372073,-0.09909173368648061,0.17372630288763879
4.209734155810323,0.34429681080157837,0.60361656630014937,2.1048670779051561,-0.10180828315007336,0.17214840540078927
4.2411500823462207,0.34105606574163783,0.60899942588638045,2.120575041173105,-0.10449971294318885,0.17052803287081902
4.2725660088821193,0.33773117020080701,0.61433071799159955,2.1362830044410539,-0.1071653589957984,0.16886558510040361
4.3039819354180171,0.3343229445473091,0.61960912719925365,2.1519909677090028,-0.10980456359962541,0.16716147227365469
4.3353978619539149,0.33083222970982573,0.62483335114085325,2.1676989309769517,-0.11241667557042519,0.16541611485491303
4.3668137884898126,0.32725988697001041,0.63000210081731245,2.1834068942449005,-0.11500105040865477,0.16362994348500537
4.3982297150257104,0.32360679774998002,0.63511410091699028,2.1991148575128494,-0.11755705045849368,0.16180339887499018
4.429645641561609,0.31987386339483731,0.64016809013035469,2.2148228207807983,-0.12008404506517585,0.15993693169741885
4.4610615680975068,0.31606200495027725,0.64516282146119175,2.2305307840487472,-0.12258141073059435,0.15803100247513882
4.4924774946334045,0.31217216293533301,0.65009706253428323,2.246238747316696,-0.12504853126714008,0.15608608146766673
4.5238934211693023,0.30820529711031686,0.65496959589947712,2.2619467105846449,-0.12748479794973699,0.15410264855515865
4.5553093477052,0.30416238624001357,0.65977921933207473,2.2776546738525938,-0.12988960966603577,0.15208119312000701
4.5867252742410987,0.30004442785218505,0.664524746129462,2.2933626371205427,-0.1322623730647294,0.15002221392609277
4.6181412007769964,0.29585243799144512,0.66920500540391059,2.3090706003884915,-0.1346025027019537,0.14792621899572281
4.6495571273128942,0.29158745096856586,0.67381884237147671,2.3247785636564404,-0.13690942118573676,0.14579372548428321
4.6809730538487919,0.28725051910527682,0.67836511863692706,2.3404865269243893,-0.13918255931846191,0.14362525955263869
4.7123889803846897,0.28284271247462034,0.68284271247462036,2.3561944901923382,-0.14142135623730856,0.14142135623731047
4.7438049069205883,0.27836511863692709,0.6872505191052769,2.3719024534602871,-0.1436252595526368,0.13918255931846385
4.7752208334564861,0.27381884237147686,0.691587450968566,2.3876104167282359,-0.14579372548428135,0.13690942118573876
4.8066367599923838,0.26920500540391074,0.69585243799144525,2.4033183799961848,-0.147926218995721,0.1346025027019557
4.8380526865282816,0.2645247461294622,0.70004442785218524,2.4190263432641337,-0.15002221392609097,0.13226237306473143
4.8694686130641793,0.25977921933207493,0.70416238624001382,2.4347343065320826,-0.15208119312000526,0.12988960966603783
4.900884539600078,0.25496959589947737,0.70820529711031721,2.4504422698000314,-0.15410264855515693,0.12748479794973908
4.9323004661359757,0.2500970625342836,0.71217216293533347,2.4661502330679803,-0.15608608146766503,0.12504853126714219
4.9637163926718735,0.24516282146119214,0.71606200495027772,2.4818581963359292,-0.15803100247513716,0.12258141073059647
4.9951323192077712,0.2401680901303552,0.71987386339483783,2.4975661596038781,-0.15993693169741721,0.12008404506517803
5.026548245743669,0.23511410091699086,0.7236067977499806,2.5132741228718269,-0.1618033988749886,0.11755705045849588
5.0579641722795676,0.23000210081731307,0.72725988697001109,2.5289820861397758,-0.16362994348500381,0.11500105040865699
5.0893800988154654,0.2248333511408539,0.73083222970982653,2.5446900494077247,-0.16541611485491148,0.11241667557042741
5.1207960253513631,0.21960912719925438,0.73432294454730995,2.5603980126756736,-0.16716147227365319,0.10980456359962767
5.1522119518872609,0.21433071799160036,0.73773117020080792,2.5761059759436225,-0.16886558510040217,0.10716535899580069
5.1836278784231595,0.20899942588638129,0.74105606574163885,2.5918139392115713,-0.17052803287081761,0.10449971294319116
5.2150438049590573,0.20361656630015029,0.7442968108015795,2.6075219024795202,-0.17214840540078791,0.10180828315007567
5.246459731494955,0.1981834673729648,0.74745260577527861,2.6232298657474691,-0.17372630288763746,0.099091733686482941
5.2778756580308528,0.19270146964068791,0.75052267201754763,2.638937829015418,-0.17526133600877192,0.096350734820344522
5.3092915845667505,0.18717192570423116,0.75350625203547961,2.6546457922833668,-0.1767531260177379,0.093585962852116178
5.3407075111026492,0.18159619989582054,0.75640260967534945,2.6703537555513157,-0.17820130483767282,0.090798099947910882
5.3721234376385469,0.17597566794236791,0.75921103030424864,2.6860617188192646,-0.17960551515212239,0.087987833971184592
5.4035393641744447,0.17031171662603092,0.7619308209864103,2.7017696820872135,-0.18096541049320317,0.085155858313016114
5.4349552907103424,0.1646057434420454,0.76456131065418065,2.7174776453551623,-0.18228065532708834,0.082302871721023366
5.4663712172462402,0.15885915625391417,0.76710185027359501,2.7331856086231112,-0.18355092513679552,0.079429578126957764
5.4977871437821388,0.15307337294603784,0.76955181300451736,2.7488935718910601,-0.18477590650225667,0.076536686473019616
5.5292030703180366,0.14724982107387313,0.77191059435530329,2.764601535159009,-0.18595529717764961,0.073624910536937288
5.5606189968539343,0.14138993751170481,0.7741776123319497,2.7803094984269578,-0.18708880616597282,0.070694968755853141
5.5920349233898321,0.13549516809811854,0.77635230758169305,2.7960174616949067,-0.18817615379084449,0.06774758404906002
5.6234508499257299,0.12956696727926179,0.77843414353102103,2.8117254249628556,-0.18921707176550848,0.064783483639631656
5.6548667764616285,0.12360679774998101,0.78042260651806439,2.8274333882308045,-0.19021130325903013,0.061803398874991283
5.6862827029975263,0.11761613009292364,0.78231720591933507,2.8431413514987534,-0.19115860295966547,0.058808065046462611
5.717698629533424,0.11159644241569378,0.78411747427078027,2.8588493147667022,-0.1920587371353881,0.055798221207847699
5.7491145560693218,0.10554921998615124,0.7858229673831223,2.8745572780346511,-0.19291148369155911,0.052774609993076455
5.7805304826052195,0.099475954865944016,0.78743326445145556,2.8902652413026,-0.19371663222572574,0.049737977432972862
5.8119464091411182,0.093378145542364274,0.78894796815907386,2.9059732045705489,-0.19447398407953487,0.046689072771183004
5.8433623356770159,0.087257296558619149,0.79036670477550219,2.9216811678384977,-0.19518335238774906,0.043628648279310456
5.8747782622129137,0.081114918142607129,0.79168912424870963,2.9373891311064466,-0.19584456212435275,0.040557459071304473
5.9061941887488114,0.074952525834292003,0.79291490029147882,2.9530970943743955,-0.19645745014573737,0.037476262917146917
5.9376101152847092,0.06877164011176598,0.79404373046191301,2.9688050576423444,-0.19702186523095444,0.034385820055883927
5.9690260418206078,0.062573786016094521,0.79507533623805859,2.9845130209102932,-0.19753766811902723,0.031286893008048218
6.0004419683565056,0.056360492775035249,0.79600946308662657,3.0002209841782421,-0.19800473154331122,0.028180246387518593
6.0318578948924033,0.050133293425723889,0.79684588052579475,3.015928947446191,-0.19842294026289531,0.025066646712862933
6.0632738214283011,0.043893724436420305,0.7975843821820755,3.0316369107141399,-0.19879219109103571,0.021946862218211162
6.0946897479641988,0.037643325327407932,0.79822478584123568,3.0473448739820888,-0.1991123929206158,0.018821662663704993
6.1261056745000975,0.031383638291140187,0.79876693349325489,3.0630528372500376,-0.19938346674662544,0.015691819145571138
6.1575216010359952,0.025116207811727562,0.7992106913713124,3.0787608005179865,-0.19960534568565419,0.012558103905864846
6.188937527571893,0.018842580283859281,0.79955594998479185,3.0944687637859354,-0.19977797499239391,0.009421290141930723
6.2203534541077907,0.012564303631253538,0.79980262414629655,3.1101767270538843,-0.19990131207314624,0.006282151815627867
6.2517693806436885,0.0062829269247304913,0.79995065299266821,3.1258846903218331,-0.1999753264963321,0.0031414634623663619
6.2831853071795871,2.2204460492503131e-15,0.80000000000000404,3.141592653589782,-0.20000000000000001,2.2449389852332602e-15
6.3146012337154849,-0.0062829269247260513,0.79995065299266832,-3.1258846903218553,-0.19997532649633218,-0.0031414634623619219
6.3460171602513826,-0.0125643036312491,0.79980262414629677,-3.1101767270539065,-0.1999013120731464,-0.0062821518156234287
6.3774330867872804,-0.01884258028385485,0.79955594998479218,-3.0944687637859576,-0.19977797499239411,-0.0094212901419262855
6.4088490133231781,-0.025116207811723142,0.79921069137131284,-3.0787608005180087,-0.19960534568565447,-0.012558103905860414
6.4402649398590768,-0.031383638291135774,0.79876693349325545,-3.0630528372500598,-0.19938346674662577,-0.015691819145566711
6.4716808663949745,-0.037643325327403526,0.79822478584123635,-3.047344873982111,-0.19911239292061622,-0.01882166266370057
6.5030967929308723,-0.043893724436415912,0.79758438218207628,-3.0316369107141621,-0.19879219109103619,-0.021946862218206749
6.53451271946677,-0.050133293425719511,0.79684588052579564,-3.0159289474462132,-0.19842294026289586,-0.025066646712858527
6.5659286460026678,-0.056360492775030885,0.79600946308662757,-3.0002209841782643,-0.19800473154331186,-0.028180246387514197
6.5973445725385664,-0.062573786016090177,0.7950753362380597,-2.9845130209103155,-0.19753766811902793,-0.031286893008043826
6.6287604990744642,-0.068771640111761664,0.79404373046191423,-2.9688050576423666,-0.19702186523095522,-0.034385820055879555
6.6601764256103619,-0.074952525834287714,0.79291490029148026,-2.9530970943744177,-0.1964574501457382,-0.03747626291714256
6.6915923521462597,-0.081114918142602868,0.79168912424871118,-2.9373891311064688,-0.19584456212435364,-0.040557459071300123
6.7230082786821574,-0.087257296558614916,0.79036670477550386,-2.9216811678385199,-0.19518335238775003,-0.043628648279306126
6.7544242052180561,-0.093378145542360083,0.78894796815907564,-2.9059732045705711,-0.19447398407953589,-0.046689072771178688
6.7858401317539538,-0.099475954865939853,0.78743326445145756,-2.8902652413026222,-0.19371663222572685,-0.049737977432968559
6.8172560582898516,-0.10554921998614712,0.7858229673831244,-2.8745572780346733,-0.1929114836915603,-0.052774609993072166
6.8486719848257493,-0.11159644241568968,0.78411747427078249,-2.8588493147667244,-0.19205873713538935,-0.055798221207843439
6.8800879113616471,-0.11761613009291959,0.7823172059193374,-2.8431413514987756,-0.1911586029596668,-0.058808065046458372
6.9115038378975457,-0.123606797749977,0.78042260651806683,-2.8274333882308267,-0.19021130325903152,-0.061803398874987064
6.9429197644334435,-0.12956696727925782,0.77843414353102358,-2.8117254249628778,-0.18921707176550992,-0.064783483639627451
6.9743356909693413,-0.13549516809811463,0.77635230758169571,-2.7960174616949289,-0.18817615379084598,-0.067747584049055842
7.005751617505239,-0.14138993751170095,0.77417761233195248,-2.7803094984269801,-0.1870888061659744,-0.070694968755848991
7.0371675440411376,-0.1472498210738693,0.77191059435530618,-2.7646015351590312,-0.18595529717765125,-0.073624910536933152
7.0685834705770354,-0.15307337294603407,0.76955181300452036,-2.7488935718910823,-0.18477590650225839,-0.076536686473015522
7.0999993971129332,-0.15885915625391045,0.76710185027359823,-2.7331856086231334,-0.1835509251367973,-0.079429578126953684
7.1314153236488309,-0.16460574344204174,0.76456131065418398,-2.7174776453551845,-0.18228065532709015,-0.082302871721019313
7.1628312501847287,-0.17031171662602732,0.76193082098641374,-2.7017696820872357,-0.18096541049320505,-0.085155858313012089
7.1942471767206273,-0.17597566794236436,0.7592110303042523,-2.6860617188192868,-0.17960551515212433,-0.087987833971180596
7.2256631032565251,-0.18159619989581705,0.75640260967535322,-2.6703537555513379,-0.17820130483767482,-0.090798099947906927
7.2570790297924228,-0.18717192570422772,0.75350625203548349,-2.654645792283389,-0.17675312601773999,-0.093585962852112251
7.2884949563283206,-0.19270146964068452,0.75052267201755163,-2.6389378290154402,-0.17526133600877405,-0.096350734820340636
7.3199108828642183,-0.19818346737296147,0.74745260577528272,-2.6232298657474913,-0.17372630288763966,-0.099091733686479097
7.351326809400117,-0.20361656630014702,0.74429681080158372,-2.6075219024795424,-0.17214840540079016,-0.10180828315007184
7.3827427359360147,-0.2089994258863781,0.74105606574164318,-2.5918139392115935,-0.17052803287081994,-0.10449971294318737
7.4141586624719125,-0.21433071799159725,0.73773117020081236,-2.5761059759436447,-0.16886558510040456,-0.10716535899579693
7.4455745890078102,-0.21960912719925135,0.7343229445473145,-2.5603980126756958,-0.16716147227365563,-0.10980456359962397
7.476990515543708,-0.22483335114085096,0.73083222970983119,-2.5446900494077469,-0.165416114854914,-0.11241667557042374
7.5084064420796066,-0.23000210081731021,0.72725988697001587,-2.528982086139798,-0.16362994348500637,-0.11500105040865334
7.5398223686155044,-0.23511410091698809,0.72360679774998549,-2.5132741228718491,-0.16180339887499121,-0.11755705045849228
7.5712382951514021,-0.24016809013035251,0.71987386339484283,-2.4975661596039003,-0.15993693169741988,-0.12008404506517448
7.6026542216872999,-0.24516282146118953,0.71606200495028283,-2.4818581963359514,-0.1580310024751399,-0.12258141073059298
7.6340701482231976,-0.25009706253428104,0.71217216293533869,-2.4661502330680025,-0.15608608146766781,-0.12504853126713875
7.6654860747590963,-0.25496959589947493,0.70820529711032254,-2.4504422698000536,-0.15410264855515976,-0.12748479794973563
7.696902001294994,-0.2597792193320726,0.70416238624001926,-2.4347343065321048,-0.15208119312000815,-0.12988960966603444
7.7283179278308918,-0.26452474612945998,0.70004442785219079,-2.4190263432641559,-0.15002221392609391,-0.1322623730647281
7.7597338543667895,-0.26920500540390863,0.69585243799145091,-2.403318379996207,-0.14792621899572397,-0.13460250270195243
7.7911497809026873,-0.2738188423714748,0.69158745096857166,-2.3876104167282581,-0.1457937254842844,-0.13690942118573551
7.8225657074385859,-0.27836511863692515,0.68725051910528268,-2.3719024534603093,-0.14362525955263991,-0.13918255931846066
7.8539816339744837,-0.28284271247461851,0.68284271247462625,-2.3561944901923604,-0.1414213562373117,-0.14142135623730731
7.8853975605103814,-0.2872505191052751,0.67836511863693305,-2.3404865269244115,-0.1391825593184651,-0.14362525955263561
7.9168134870462792,-0.29158745096856425,0.67381884237148282,-2.3247785636564626,-0.13690942118574001,-0.14579372548428016
7.9482294135821769,-0.29585243799144362,0.6692050054039167,-2.3090706003885137,-0.13460250270195701,-0.14792621899571984
7.9796453401180756,-0.3000444278521836,0.66452474612946821,-2.2933626371205649,-0.13226237306473274,-0.15002221392608983
8.0110612666539733,-0.30416238624001224,0.65977921933208095,-2.277654673852616,-0.12988960966603916,-0.15208119312000412
8.0424771931898711,-0.30820529711031563,0.65496959589948345,-2.2619467105846671,-0.12748479794974041,-0.15410264855515582
8.0738931197257688,-0.3121721629353319,0.65009706253428967,-2.2462387473167182,-0.12504853126714355,-0.15608608146766395
8.1053090462616666,-0.31606200495027625,0.6451628214611983,-2.2305307840487694,-0.12258141073059786,-0.1580310024751361
8.1367249727975643,-0.31987386339483642,0.64016809013036136,-2.2148228207808205,-0.1200840450651794,-0.15993693169741618
8.1681408993334621,-0.32360679774997925,0.63511410091699705,-2.1991148575128716,-0.11755705045849728,-0.16180339887498757
8.1995568258693616,-0.32725988697000974,0.63000210081731933,-2.1834068942449227,-0.11500105040865841,-0.16362994348500282
8.2309727524052594,-0.33083222970982518,0.62483335114086025,-2.1676989309769739,-0.11241667557042885,-0.16541611485491051
8.2623886789411571,-0.33432294454730865,0.61960912719926076,-2.151990967709025,-0.10980456359962915,-0.16716147227365225
8.2938046054770549,-0.33773117020080667,0.61433071799160677,-2.1362830044410761,-0.10716535899580215,-0.16886558510040123
8.3252205320129526,-0.3410560657416376,0.60899942588638767,-2.1205750411731272,-0.10449971294319266,-0.17052803287081669
8.3566364585488504,-0.34429681080157826,0.6036165663001567,-2.1048670779051784,-0.10180828315007717,-0.17214840540078702
8.3880523850847482,-0.34745260577527737,0.59818346737297123,-2.0891591146372295,-0.099091733686484454,-0.17372630288763657
8.4194683116206459,-0.35052267201754639,0.59270146964069437,-2.0734511513692806,-0.096350734820346048,-0.17526133600877108
8.4508842381565437,-0.35350625203547842,0.58717192570423771,-2.0577431881013317,-0.093585962852117718,-0.17675312601773707
8.4823001646924414,-0.35640260967534831,0.58159619989582712,-2.0420352248333828,-0.090798099947912436,-0.17820130483767202
8.5137160912283409,-0.3592110303042475,0.57597566794237454,-2.026327261565434,-0.087987833971186147,-0.17960551515212161
8.5451320177642387,-0.36193082098640916,0.57031171662603763,-2.0106192982974851,-0.085155858313017696,-0.18096541049320244
8.5765479443001365,-0.36456131065417957,0.56460574344205217,-1.9949113350295362,-0.082302871721024962,-0.18228065532708762
8.6079638708360342,-0.36710185027359404,0.55885915625392091,-1.9792033717615873,-0.07942957812695936,-0.18355092513679483
8.639379797371932,-0.36955181300451639,0.55307337294604464,-1.9634954084936385,-0.076536686473021226,-0.184775906502256
8.6707957239078297,-0.37191059435530238,0.54724982107387998,-1.9477874452256896,-0.073624910536938898,-0.185955297177649
8.7022116504437275,-0.37417761233194885,0.54138993751171172,-1.9320794819577407,-0.070694968755854778,-0.18708880616597223
8.7336275769796252,-0.37635230758169219,0.53549516809812547,-1.9163715186897918,-0.067747584049061657,-0.18817615379084388
8.765043503515523,-0.37843414353102023,0.52956696727926877,-1.900663555421843,-0.064783483639633307,-0.18921707176550792
8.7964594300514207,-0.38042260651806364,0.52360679774998797,-1.8849555921538941,-0.061803398874992935,-0.1902113032590296
8.8278753565873203,-0.38231720591933438,0.51761613009293062,-1.8692476288859452,-0.058808065046464277,-0.19115860295966497
8.859291283123218,-0.38411747427077969,0.51159644241570079,-1.8535396656179963,-0.055798221207849365,-0.1920587371353876
8.8907072096591158,-0.38582296738312183,0.50554921998615832,-1.8378317023500474,-0.052774609993078127,-0.19291148369155864
8.9221231361950135,-0.38743326445145515,0.49947595486595109,-1.8221237390820986,-0.049737977432974541,-0.19371663222572533
8.9535390627309113,-0.38894796815907345,0.49337814554237136,-1.8064157758141497,-0.046689072771184698,-0.19447398407953445
8.984954989266809,-0.39036670477550189,0.48725729655862626,-1.7907078125462008,-0.043628648279312156,-0.19518335238774867
9.0163709158027068,-0.39168912424870939,0.48111491814261426,-1.7749998492782519,-0.040557459071306173,-0.19584456212435242
9.0477868423386045,-0.39291490029147869,0.47495252583429914,-1.7592918860103031,-0.037476262917148631,-0.19645745014573704
9.0792027688745023,-0.39404373046191288,0.46877164011177314,-1.7435839227423542,-0.034385820055885641,-0.19702186523095414
9.1106186954104,-0.39507533623805852,0.46257378601610166,-1.7278759594744053,-0.031286893008049932,-0.19753766811902695
9.1420346219462996,-0.39600946308662655,0.45636049277504237,-1.7121679962064564,-0.02818024638752032,-0.198004731543311
9.1734505484821973,-0.39684588052579478,0.450133293425731,-1.6964600329385076,-0.025066646712864661,-0.19842294026289509
9.2048664750180951,-0.39758438218207565,0.44389372443642744,-1.6807520696705587,-0.02194686221821289,-0.19879219109103552
9.2362824015539928,-0.39822478584123588,0.43764332532741507,-1.6650441064026098,-0.018821662663706724,-0.19911239292061567
9.2676983280898906,-0.3987669334932552,0.43138363829114734,-1.6493361431346609,-0.015691819145572872,-0.1993834667466253
9.2991142546257883,-0.39921069137131276,0.4251162078117347,-1.633628179866712,-0.012558103905866581,-0.19960534568565408
9.3305301811616861,-0.39955594998479227,0.41884258028386645,-1.6179202165987632,-0.0094212901419324594,-0.1997779749923938
9.3619461076975838,-0.39980262414629703,0.41256430363126073,-1.6022122533308143,-0.0062821518156296052,-0.19990131207314621
9.3933620342334816,-0.39995065299266874,0.40628292692473766,-1.5865042900628654,-0.0031414634623681014,-0.19997532649633207
9.4247779607693793,-0.40000000000000463,0.4000000000000094,-1.5707963267949165,-3.9845564206590902e-15,-0.20000000000000001
9.4561938873052789,-0.39995065299266902,0.39371707307528114,-1.5550883635269677,0.0031414634623601334,-0.19997532649633221
9.4876098138411766,-0.39980262414629752,0.38743569636875808,-1.5393804002590188,0.0062821518156216411,-0.19990131207314643
9.5190257403770744,-0.39955594998479299,0.3811574197161523,-1.5236724369910699,0.0094212901419244988,-0.19977797499239419
9.5504416669129721,-0.39921069137131376,0.37488379218828399,-1.507964473723121,0.012558103905858629,-0.19960534568565458
9.5818575934488699,-0.39876693349325648,0.36861636170887135,-1.4922565104551722,0.015691819145564927,-0.19938346674662594
9.6132735199847676,-0.39822478584123744,0.36235667467260357,-1.4765485471872233,0.018821662663698793,-0.19911239292061639
9.6446894465206654,-0.39758438218207742,0.3561062755635912,-1.4608405839192744,0.021946862218204969,-0.19879219109103641
9.6761053730565632,-0.39684588052579683,0.34986670657428759,-1.4451326206513255,0.025066646712856758,-0.19842294026289609
9.7075212995924609,-0.39600946308662888,0.34363950722497622,-1.4294246573833767,0.028180246387512427,-0.19800473154331211
9.7389372261283587,-0.39507533623806107,0.33742621398391692,-1.4137166941154278,0.031286893008042063,-0.1975376681190282
9.7703531526642582,-0.39404373046191565,0.33122835988824545,-1.3980087308474789,0.034385820055877793,-0.19702186523095552
9.8017690792001559,-0.39291490029148168,0.32504747416571939,-1.38230076757953,0.037476262917140804,-0.19645745014573854
9.8331850057360537,-0.39168912424871266,0.31888508185740422,-1.3665928043115811,0.040557459071298374,-0.19584456212435403
9.8646009322719515,-0.39036670477550545,0.31274270344139216,-1.3508848410436323,0.043628648279304377,-0.19518335238775042
9.8960168588078492,-0.38894796815907728,0.306621854457647,-1.3351768777756834,0.046689072771176954,-0.19447398407953631
9.927432785343747,-0.3874332644514592,0.30052404513406722,-1.3194689145077345,0.049737977432966825,-0.1937166322257273
9.9588487118796447,-0.3858229673831261,0.29445078001385994,-1.3037609512397856,0.052774609993070445,-0.19291148369156075
9.9902646384155425,-0.38411747427078424,0.28840355758431735,-1.2880529879718368,0.055798221207841718,-0.19205873713538982
10.02168056495144,-0.38231720591933921,0.28238386990708741,-1.2723450247038879,0.058808065046456665,-0.1911586029596673
10.053096491487338,-0.3804226065180687,0.27639320225003,-1.256637061435939,0.061803398874985364,-0.19021130325903207
10.084512418023238,-0.3784341435310255,0.27043303272074914,-1.2409290981679901,0.064783483639625758,-0.1892170717655105
10.115928344559135,-0.37635230758169769,0.26450483190189233,-1.2252211349000413,0.067747584049054163,-0.1881761537908466
10.147344271095033,-0.37417761233195457,0.25861006248830598,-1.2095131716320924,0.070694968755847312,-0.18708880616597501
10.178760197630931,-0.37191059435530832,0.2527501789261376,-1.1938052083641435,0.073624910536931487,-0.18595529717765191
10.210176124166829,-0.36955181300452261,0.24692662705397284,-1.1780972450961946,0.076536686473013871,-0.18477590650225906
10.241592050702726,-0.36710185027360048,0.24114084374609646,-1.1623892818282457,0.079429578126952047,-0.18355092513679802
10.273007977238624,-0.36456131065418623,0.23539425655796514,-1.1466813185602969,0.08230287172101769,-0.1822806553270909
10.304423903774522,-0.36193082098641605,0.22968828337397953,-1.130973355292348,0.08515585831301048,-0.18096541049320583
10.33583983031042,-0.35921103030425461,0.22402433205764247,-1.1152653920243991,0.087987833971178986,-0.17960551515212511
10.367255756846319,-0.35640260967535564,0.21840380010418975,-1.0995574287564502,0.090798099947905331,-0.17820130483767563
10.398671683382217,-0.35350625203548597,0.21282807429577905,-1.0838494654885014,0.093585962852110668,-0.17675312601774082
10.430087609918115,-0.35052267201755416,0.20729853035932222,-1.0681415022205525,0.096350734820339068,-0.17526133600877492
10.461503536454012,-0.34745260577528536,0.20181653262704524,-1.0524335389526036,0.099091733686477543,-0.17372630288764054
10.49291946298991,-0.34429681080158642,0.19638343369985967,-1.0367255756846547,0.10180828315007032,-0.17214840540079107
10.524335389525808,-0.34105606574164599,0.19100057411362856,-1.0210176124167059,0.10449971294318586,-0.17052803287082086
10.555751316061706,-0.33773117020081528,0.18566928200840938,-1.005309649148757,0.10716535899579543,-0.1688655851004055
10.587167242597603,-0.33432294454731748,0.18039087280075525,-0.98960168588080799,0.10980456359962248,-0.1671614722736566
10.618583169133501,-0.33083222970983422,0.17516664885915562,-0.973893722612859,0.1124166755704223,-0.16541611485491498
10.649999095669399,-0.32725988697001901,0.16999789918269634,-0.95818575934491002,0.11500105040865194,-0.16362994348500737
10.681415022205298,-0.32360679774998874,0.16488589908301843,-0.94247779607696103,0.11755705045849091,-0.1618033988749922
10.712830948741196,-0.31987386339484608,0.15983190986965398,-0.92676983280901204,0.12008404506517312,-0.15993693169742088
10.744246875277094,-0.31606200495028614,0.15483717853881693,-0.91106186954106305,0.12258141073059166,-0.1580310024751409
10.775662801812992,-0.312172162935342,0.14990293746572536,-0.89535390627311406,0.12504853126713744,-0.15608608146766884
10.807078728348889,-0.3082052971103259,0.14503040410053145,-0.87964594300516508,0.12748479794973441,-0.15410264855516079
10.838494654884787,-0.30416238624002268,0.14022078066793378,-0.86393797973721609,0.12988960966603325,-0.15208119312000917
10.869910581420685,-0.30004442785219421,0.1354752538705464,-0.8482300164692671,0.13226237306472696,-0.15002221392609494
10.901326507956583,-0.29585243799145439,0.13079499459609772,-0.83252205320131811,0.13460250270195129,-0.14792621899572503
10.93274243449248,-0.29158745096857525,0.12618115762853149,-0.81681408993336913,0.1369094211857344,-0.14579372548428546
10.964158361028378,-0.28725051910528626,0.12163488136308113,-0.80110612666542014,0.13918255931845958,-0.14362525955264094
10.995574287564278,-0.28284271247462983,0.11715728752538776,-0.78539816339747115,0.14142135623730628,-0.14142135623731275
11.026990214100175,-0.27836511863693664,0.11274948089473114,-0.76969020012952216,0.14362525955263458,-0.13918255931846615
11.058406140636073,-0.27381884237148646,0.10841254903144196,-0.75398223686157317,0.14579372548427919,-0.13690942118574106
11.089822067171971,-0.26920500540392045,0.10414756200856258,-0.73827427359362419,0.14792621899571887,-0.13460250270195803
11.121237993707869,-0.26452474612947197,0.099955572147822538,-0.7225663103256752,0.15002221392608892,-0.13226237306473379
11.152653920243766,-0.25977921933208475,0.095837613759993875,-0.70685834705772621,0.15208119312000323,-0.12988960966604021
11.184069846779664,-0.25496959589948726,0.091794702889690452,-0.69115038378977722,0.15410264855515496,-0.12748479794974144
11.215485773315562,-0.25009706253429353,0.087827837064674133,-0.67544242052182824,0.15608608146766312,-0.12504853126714457
11.24690169985146,-0.24516282146120216,0.083937995049729763,-0.65973445725387925,0.1580310024751353,-0.12258141073059887
11.278317626387357,-0.24016809013036527,0.080126136605169582,-0.64402649398593026,0.15993693169741541,-0.12008404506518043
11.309733552923257,-0.235114100917001,0.076393202250026715,-0.62831853071798127,0.16180339887498685,-0.11755705045849829
11.341149479459155,-0.23000210081732325,0.072740113029996195,-0.61261056745003228,0.16362994348500209,-0.11500105040865943
11.372565405995053,-0.22483335114086414,0.069167770290180716,-0.5969026041820833,0.16541611485490984,-0.11241667557042985
11.40398133253095,-0.21960912719926468,0.065677055452697225,-0.58119464091413431,0.16716147227365158,-0.10980456359963012
11.435397259066848,-0.21433071799161071,0.062268829799199177,-0.56548667764618532,0.16886558510040062,-0.10716535899580314
11.466813185602746,-0.2089994258863917,0.058943934258368198,-0.54977871437823633,0.17052803287081608,-0.10449971294319363
11.498229112138644,-0.20361656630016076,0.055703189198427511,-0.53407075111028735,0.17214840540078646,-0.10180828315007813
11.529645038674541,-0.19818346737297532,0.052547394224728344,-0.51836278784233836,0.17372630288763602,-0.099091733686485425
11.561060965210439,-0.19270146964069848,0.049477327982459282,-0.50265482457438937,0.17526133600877059,-0.096350734820347006
11.592476891746337,-0.18717192570424179,0.046493747964527224,-0.48694686130644038,0.1767531260177366,-0.093585962852118648
11.623892818282236,-0.18159619989583123,0.043597390324657322,-0.47123889803849139,0.17820130483767155,-0.090798099947913352
11.655308744818134,-0.17597566794237862,0.040788969695758084,-0.45553093477054241,0.17960551515212117,-0.087987833971187049
11.686724671354032,-0.17031171662604169,0.038069179013596396,-0.43982297150259342,0.18096541049320203,-0.085155858313018584
11.71814059788993,-0.1646057434420562,0.035438689345825981,-0.42411500823464443,0.18228065532708723,-0.082302871721025836
11.749556524425827,-0.15885915625392499,0.032898149726411495,-0.40840704496669544,0.18355092513679447,-0.079429578126960221
11.780972450961725,-0.15307337294604872,0.03044818699548912,-0.39269908169874645,0.18477590650225564,-0.076536686473022086
11.812388377497623,-0.14724982107388404,0.028089405644703132,-0.37699111843079747,0.18595529717764867,-0.073624910536939744
11.843804304033521,-0.14138993751171575,0.025822387668056633,-0.36128315516284848,0.1870888061659719,-0.070694968755855597
11.875220230569418,-0.1354951680981295,0.023647692418313243,-0.34557519189489949,0.1881761537908436,-0.067747584049062462
11.906636157105316,-0.12956696727927275,0.021565856468985171,-0.3298672286269505,0.18921707176550762,-0.064783483639634085
11.938052083641216,-0.123606797749992,0.019577393481941738,-0.31415926535900152,0.19021130325902935,-0.061803398874993712
11.969468010177113,-0.11761613009293466,0.017682794080670985,-0.29845130209105253,0.19115860295966472,-0.058808065046465033
12.000883936713011,-0.11159644241570482,0.015882525729225674,-0.28274333882310354,0.19205873713538738,-0.055798221207850107
12.032299863248909,-0.10554921998616232,0.014177032616883531,-0.26703537555515455,0.19291148369155847,-0.052774609993078848
12.063715789784807,-0.099475954865955105,0.012566735548550187,-0.25132741228720556,0.19371663222572513,-0.049737977432975242
12.095131716320704,-0.09337814554237539,0.011052031840931859,-0.2356194490192566,0.19447398407953431,-0.046689072771185385
12.126547642856602,-0.087257296558630279,0.0096332952245034055,-0.21991148575130764,0.19518335238774853,-0.043628648279312829
12.1579635693925,-0.081114918142618286,0.0083108757512959167,-0.20420352248335868,0.19584456212435228,-0.040557459071306833
12.189379495928398,-0.074952525834303174,0.0070850997085266203,-0.18849555921540972,0.1964574501457369,-0.037476262917149276
12.220795422464297,-0.068771640111777166,0.0059562695380923885,-0.17278759594746076,0.19702186523095402,-0.034385820055886272
12.252211349000195,-0.06257378601610572,0.0049246637619467281,-0.1570796326795118,0.19753766811902684,-0.031286893008050549
12.283627275536093,-0.056360492775046456,0.0039905369133786542,-0.14137166941156284,0.19800473154331089,-0.028180246387520921
12.31504320207199,-0.050133293425735109,0.0031541194742104109,-0.12566370614361388,0.19842294026289503,-0.025066646712865244
12.346459128607888,-0.043893724436431532,0.0024156178179295298,-0.10995574287566492,0.19879219109103546,-0.021946862218213459
12.377875055143786,-0.037643325327419166,0.001775214158769261,-0.094247779607715965,0.19911239292061558,-0.01882166266370728
12.409290981679684,-0.031383638291151428,0.0012330665067499368,-0.078539816339767005,0.19938346674662524,-0.01569181914557341
12.440706908215581,-0.02511620781173881,0.00078930862869236343,-0.062831853071818045,0.19960534568565402,-0.012558103905867103
12.472122834751479,-0.018842580283870532,0.00044405001521285998,-0.047123889803869078,0.1997779749923938,-0.0094212901419329642
12.503538761287377,-0.012564303631264791,0.00019737585370808704,-0.031415926535920111,0.19990131207314618,-0.0062821518156300927
12.534954687823276,-0.006282926924741747,4.9347007336331047e-05,-0.015707963267971144,0.19997532649633207,-0.0031414634623685707
12.566370614359174,-1.3476199323125826e-14,4.3116009894317298e-16,-2.2176704916887502e-14,0.20000000000000001,-4.4353409833775007e-15
