t,bias,white,measurement
0,0,-0.0007373700675747508,-0.0007373700675747508
0.01,0.00034457096568350884,0.0034737342079678097,0.0038183051736513183
0.02,0.00047562629153716891,-0.0051202779672449581,-0.0046446516757077888
0.029999999999999999,0.00048335836414714801,-0.0022181779469075931,-0.0017348195827604452
0.040000000000000001,0.00078487062166156404,-0.002843545707701161,-0.0020586750860395967
0.050000000000000003,0.00085980069394722539,0.00204960464558738,0.0029094053395346056
0.059999999999999998,0.00076916706528486092,0.0060502611067674034,0.0068194281720522646
0.070000000000000007,0.00045639564582963593,-0.00016834589791775388,0.00028804974791188202
0.080000000000000002,0.00064044126265344809,0.0044717135967564233,0.0051121548594098712
0.089999999999999997,0.00044084400536982841,-0.00053534355761963523,-9.4499552249806816e-05
0.10000000000000001,0.00054647675033919513,-0.00085924741818375026,-0.00031277066784455513
0.11,0.00056448529784392507,-0.002753504761589887,-0.0021890194637459622
0.12,0.00025006402878825594,-0.0048249394779724293,-0.0045748754491841733
0.13,0.00041035747998792563,0.0073400528279527911,0.0077504103079407164
0.14000000000000001,0.00027579410582056731,0.006214839050450522,0.0064906331562710889
0.14999999999999999,5.184315743501084e-05,0.0038005289818114994,0.0038523721392465103
0.16,0.00031224788564728943,0.00088810449572798874,0.0012003523813752782
0.17000000000000001,0.00083874460698761077,-0.00054680940462503637,0.0002919352023625744
0.17999999999999999,0.00083318812258389671,-0.00064601097429968968,0.00018717714828420703
0.19,0.00066428196127420441,0.0011857284659358329,0.0018500104272100373
0.20000000000000001,0.0008885657552211853,0.0078813549071598977,0.0087699206623810828
0.20999999999999999,0.000748792336900826,-0.00067834580444038888,7.044653246043712e-05
0.22,0.0011415305718273784,-0.0020378800667019167,-0.00089634949487453833
0.23000000000000001,0.0010584296896949002,-0.0013250839794703825,-0.00026665428977548232
0.23999999999999999,0.0010468264193806453,-0.001472574040742531,-0.00042574762136188575
0.25,0.0010930835650391105,-0.0041504379640853618,-0.0030573543990462513
0.26000000000000001,0.0011623739752671812,0.0012545670599639566,0.002416941035231138
0.27000000000000002,0.0012798024756307024,-0.0015143067678256947,-0.00023450429219499234
0.28000000000000003,0.0013844010763117331,0.0020437221756142375,0.0034281232519259705
0.28999999999999998,0.0013155771898112705,0.0035821526379764559,0.0048977298277877264
0.29999999999999999,0.0018219350360526403,0.0070251695638223156,0.0088471045998749567
0.31,0.0014120805941678887,-0.00046220234620671536,0.00094987824796117343
0.32000000000000001,0.0014633255486814422,0.0041919899190561872,0.0056553154677376292
0.33000000000000002,0.001408756656902595,-0.0059447581084545202,-0.0045360014515519256
0.34000000000000002,0.0014108227103854874,-0.0015069234140481366,-9.6100703662649204e-05
0.35000000000000003,0.001484553486588928,0.00045417852914350393,0.0019387320157324319
0.35999999999999999,0.0016065569340989211,-0.0029651193195969951,-0.001358562385498074
0.37,0.0017767215844574373,0.0011050395364121906,0.0028817611208696277
0.38,0.001777889331865252,-0.0049255790612191437,-0.0031476897293538919
0.39000000000000001,0.0019106970366370598,0.00054422259516857124,0.0024549196318056311
0.40000000000000002,0.0020775422133804599,-0.0037557818106346333,-0.0016782395972541734
0.41000000000000003,0.0017316748054645101,0.002682503949724684,0.0044141787551891937
0.41999999999999998,0.001577355139558126,0.0031582525194152767,0.0047356076589734029
0.42999999999999999,0.0012251466452172315,-0.0014108718645287066,-0.0001857252193114751
0.44,0.0012829598293820133,0.0026068743327615882,0.0038898341621436015
0.45000000000000001,0.0012358702368215448,-0.0028940601240574097,-0.0016581898872358649
0.46000000000000002,0.0011864289252997802,-0.0011536361357374271,3.2792789562353019e-05
0.47000000000000003,0.001106292913907831,0.0015024662637191707,0.0026087591776270016
0.47999999999999998,0.0013118857261888723,0.0029987580511390511,0.0043106437773279237
0.48999999999999999,0.0010719849362074724,-0.00093023911191651178,0.00014174582429096066
0.5,0.0011167278557780245,-0.0012485413311962303,-0.00013181347541820583
0.51000000000000001,0.00089671372250948295,0.0029919180460535599,0.0038886317685630431
0.52000000000000002,0.0010953964794065132,-0.0023752529569854744,-0.0012798564775789612
0.53000000000000003,0.0014575112727052432,0.0076075118086394514,0.009065023081344695
0.54000000000000004,0.0012162728975697104,-0.00060542240798402871,0.0006108504895856817
0.55000000000000004,0.0015339076168904529,0.004493200654684025,0.006027108271574478
0.56000000000000005,0.0014226135531819951,0.0066047096049686727,0.0080273231581506673
0.57000000000000006,0.0015478105576758794,-0.0062374043592651205,-0.0046895938015892409
0.57999999999999996,0.0015061781354284069,-0.0040735440014968852,-0.0025673658660684785
0.58999999999999997,0.0014694901742509673,-0.0034987500075599988,-0.0020292598333090314
0.59999999999999998,0.0016668978544740905,0.0024064235425905168,0.0040733213970646073
0.60999999999999999,0.0017006101983056971,0.0011602549122950304,0.0028608651106007276
0.62,0.0015881840854899186,-0.00076979848297303779,0.00081838560251688082
0.63,0.0019937243381748819,-0.0013048294461427588,0.00068889489203212309
0.64000000000000001,0.0019650030715194504,-0.00050911907165949685,0.0014558839998599536
0.65000000000000002,0.0021663335189543208,-0.0011113524357152921,0.0010549810832390287
0.66000000000000003,0.0023972978297029145,-0.0017394205077951887,0.00065787732190772581
0.67000000000000004,0.0024917790551887294,0.0010585473996770158,0.0035503264548657452
0.68000000000000005,0.0024130002102255117,-0.00067723531325416652,0.0017357648969713452
0.69000000000000006,0.0020057480114921214,0.00029365249491730699,0.0022994005064094283
0.70000000000000007,0.0021224408017728644,-0.00043495586831008019,0.0016874849334627842
0.70999999999999996,0.0022548105820580739,-0.0024957869931582551,-0.00024097641110018119
0.71999999999999997,0.0024360842230555192,-0.0017928394769294788,0.00064324474612604036
0.72999999999999998,0.001946137120245643,-0.0032422815037183002,-0.0012961443834726572
0.73999999999999999,0.001861921468593191,0.0010166435621661489,0.00287856503075934
0.75,0.0017679872793053622,-0.00073778966595506798,0.0010301976133502942
0.76000000000000001,0.0016483423282939156,-0.003867316270441679,-0.0022189739421477634
0.77000000000000002,0.0017620840487067896,0.0043523265763208193,0.0061144106250276085
0.78000000000000003,0.0016777636379363837,-0.0083259513254641641,-0.0066481876875277802
0.79000000000000004,0.0017042543710856404,0.0016147619327414415,0.0033190163038270817
0.80000000000000004,0.0018399115729022609,-0.0077310477979324358,-0.005891136225030175
0.81000000000000005,0.0016349800810798651,0.0012010363025567368,0.0028360163836366019
0.82000000000000006,0.0017768011431491492,0.0012612627892486803,0.0030380639323978297
0.83000000000000007,0.0018569042793685267,0.0024771296934770993,0.0043340339728456263
0.83999999999999997,0.0015173069240099946,-0.0045401414943176312,-0.0030228345703076365
0.84999999999999998,0.0013199112722499294,0.001138210154261131,0.0024581214265110606
0.85999999999999999,0.0016170876736007543,0.0070364194227137879,0.0086535070963145427
0.87,0.0014544309108221727,0.00050717239670524815,0.0019616033075274208
0.88,0.0017127422630914986,0.0030333583898761625,0.0047461006529676613
0.89000000000000001,0.0016553706422475533,0.0051236230465307323,0.0067789936887782858
0.90000000000000002,0.0013236647978022791,0.0012748297966656504,0.0025984945944679295
0.91000000000000003,0.0015906544372609167,-0.00390147328261684,-0.0023108188453559234
0.92000000000000004,0.0017454733678218034,-0.0005392640256210989,0.0012062093422007046
0.93000000000000005,0.0020986187836755945,-0.00038010507557108774,0.0017185137081045067
0.94000000000000006,0.0023364255405868301,0.0054609115842696601,0.0077973371248564903
0.95000000000000007,0.0027359661018922913,0.0013308381091857058,0.0040668042110779973
0.95999999999999996,0.0026391832561613042,-0.0022884145627808444,0.00035076869338045982
0.96999999999999997,0.0021251066882454609,9.7299618319162382e-06,0.0021348366500773771
0.97999999999999998,0.0020994045805799353,0.010038544351696837,0.012137948932276772
0.98999999999999999,0.0020446926549861177,-0.0095744280429024744,-0.0075297353879163562
1,0.0021869770216714005,0.0044896610237487979,0.0066766380454201983
1.01,0.0022098731759609956,-0.00029752165426044354,0.001912351521700552
1.02,0.0022410967779603465,0.0031533504776413944,0.0053944472556017413
1.03,0.0022076608969779938,-0.00011886861609459609,0.0020887922808833976
1.04,0.0022943847348787755,0.0029090311755791977,0.0052034159104579732
1.05,0.0022019745731969098,0.0018215039376042728,0.0040234785108011831
1.0600000000000001,0.0023239529830532848,0.0009471464534816131,0.003271099436534898
1.0700000000000001,0.0021137035756083186,0.0015610417587993788,0.0036747453344076974
1.0800000000000001,0.0023056131401948477,0.00082396938089980001,0.0031295825210946476
1.0900000000000001,0.0024207143499358685,-0.0021428053216972073,0.0002779090282386612
1.1000000000000001,0.0024078645670242323,-0.0056187301843302192,-0.003210865617305987
1.1100000000000001,0.0021527444867674257,0.0042650400217064347,0.0064177845084738604
1.1200000000000001,0.0023413901304055774,-0.0067112070085985345,-0.004369816878192957
1.1300000000000001,0.0019167770679814414,0.0022303534964470012,0.0041471305644284421
1.1400000000000001,0.0019739258169071913,0.0006934380507168463,0.0026673638676240376
1.1500000000000001,0.0018396260959019663,0.0099032001887168399,0.011742826284618806
1.1599999999999999,0.0014368689789370013,-3.8983355439391301e-05,0.0013978856234976101
1.1699999999999999,0.001679234516665221,0.00020442047608334692,0.0018836549927485678
1.1799999999999999,0.0018070127156669768,-0.0007986278302134763,0.0010083848854535006
1.1899999999999999,0.0017190370678734012,-0.010532955241625768,-0.0088139181737523671
1.2,0.0018547722186820067,-0.0024576228841704582,-0.0006028506654884515
1.21,0.0016010143571840744,-0.0046717813409641769,-0.0030707669837801025
1.22,0.0014895491380270175,0.0017936917637495452,0.0032832409017765629
1.23,0.0013078183820313467,-0.0077134189777959845,-0.0064056005957646382
1.24,0.0014752756702278195,0.0015795170149530066,0.0030547926851808259
1.25,0.0013898173800348367,-0.0069251172432223222,-0.0055352998631874855
1.26,0.0013929518274177495,0.0024884472484526863,0.0038813990758704356
1.27,0.0017802946345495802,-0.00010217464034738429,0.0016781199942021959
1.28,0.0015959235252921554,-0.0005430565703271311,0.0010528669549650243
1.29,0.0014789453936969084,0.00027609815169620265,0.0017550435453931111
1.3,0.0018683049623693887,0.0020617424340085861,0.0039300473963779746
1.3100000000000001,0.001745158947303514,-0.0041124205345062824,-0.0023672615872027685
1.3200000000000001,0.0022509782013166216,0.0028563514406427992,0.0051073296419594204
1.3300000000000001,0.0020208577540067676,0.0010756390195102157,0.0030964967735169833
1.3400000000000001,0.001885935203529338,0.0094565827851230098,0.011342517988652347
1.3500000000000001,0.0014344268426839425,0.0012405868825041638,0.0026750137251881061
1.3600000000000001,0.0016813034672607627,0.0051589951730794939,0.0068402986403402564
1.3700000000000001,0.0013726629521761313,0.0035301802150113672,0.0049028431671874987
1.3800000000000001,0.0013388507648216114,-0.0036566855284102351,-0.0023178347635886237
1.3900000000000001,0.0013768709705521418,0.0060038921564606607,0.0073807631270128024
1.4000000000000001,0.00089476567277706328,0.0018040615797163095,0.0026988272524933726
1.4099999999999999,0.00062610739845268544,-0.0021021877683850519,-0.0014760803699323665
1.4199999999999999,0.00070837125584631653,-0.00526970645824447,-0.0045613352023981535
1.4299999999999999,0.00036755275891452529,0.0019178382126662408,0.0022853909715807659
1.4399999999999999,0.00017435006994225255,-0.0010061131159624323,-0.00083176304602017976
1.45,0.00014626556049477789,0.00034163154526766442,0.00048789710576244231
1.46,0.00033292275341690496,-0.00070730644172352722,-0.00037438368830662225
1.47,0.00059420517897540534,-0.0024957100657698556,-0.0019015048867944504
1.48,0.00076099567374789427,-6.0040230609000531e-05,0.0007009554431388937
1.49,0.00055059361443730935,0.0010867798139761345,0.0016373734284134437
1.5,0.00036087212365634302,0.00082149879217250363,0.0011823709158288466
1.51,0.00020868455234856611,0.0021256400219438541,0.0023343245742924201
1.52,0.00046028159401814803,-0.0018463518771720982,-0.00138607028315395
1.53,0.00044228490465264184,0.0049194462307961661,0.0053617311354488082
1.54,0.0005393387059562263,-0.0035559064318989855,-0.0030165677259427594
1.55,0.00050557534341183204,0.0051316332546951417,0.005637208598106974
1.5600000000000001,0.00025976975861689866,-0.0008460173414000338,-0.00058624758278313514
1.5700000000000001,0.00039666703522487235,-0.00098055164294043123,-0.00058388460771555887
1.5800000000000001,0.00083446404097928966,-0.005524128978671901,-0.0046896649376926116
1.5900000000000001,0.00098984598488173372,0.0044352573782919279,0.0054251033631736618
1.6000000000000001,0.0010668099947628877,0.0039412110370751442,0.0050080210318380319
1.6100000000000001,0.00097411079307990506,0.0062785161867240759,0.0072526269798039809
1.6200000000000001,0.001031191905545783,0.00013969775569510216,0.0011708896612408852
1.6300000000000001,0.00072074910073321443,-0.0033454252789194149,-0.0026246761781862004
1.6400000000000001,0.00047389545214308849,0.0027161458124231922,0.0031900412645662806
1.6500000000000001,0.00063718537959645927,-0.0026801675915046506,-0.0020429822119081911
1.6600000000000001,0.00092255291589143592,0.0015451146408068342,0.0024676675566982702
1.6699999999999999,0.00069868347951852761,0.0058609218445382621,0.0065596053240567897
1.6799999999999999,0.0010032656068081429,0.0037882560677894158,0.0047915216745975583
1.6899999999999999,0.0011065854930207659,0.0015679170956064039,0.0026745025886271701
1.7,0.0010843459984693092,0.0076619995286838841,0.0087463455271531935
1.71,0.00099394098438134533,0.0016481438785986566,0.002642084862980002
1.72,0.0012257802039111641,-0.00065493892644566312,0.00057084127746550098
1.73,0.0013392856988592538,0.0043138299537688884,0.0056531156526281427
1.74,0.001039239228249075,0.00023276147467558438,0.0012720007029246594
1.75,0.00093909594771410634,0.0044562073133138638,0.0053953032610279698
1.76,0.0008826364153687637,-8.1577446413778619e-05,0.00080105896895498504
1.77,0.00065781707527194405,-0.0011094024218668867,-0.00045158534659494264
1.78,0.00096726662627118188,0.00085160787702632742,0.0018188745032975094
1.79,0.000580418382496108,-0.001048273698178603,-0.000467855315682495
1.8,0.00017657333324019511,0.00097346637582750907,0.0011500397090677041
1.8100000000000001,0.00017115612113312491,-0.0012623602918457157,-0.0010912041707125909
1.8200000000000001,9.1054066937091272e-05,0.008951432886831286,0.0090424869537683774
1.8300000000000001,0.00020682782159772093,0.0023492344939408808,0.0025560623155386018
1.8400000000000001,0.00016670488474597309,-0.0035232328143938005,-0.0033565279296478272
1.8500000000000001,3.7382734955358944e-05,0.0064673581134599978,0.0065047408484153564
1.8600000000000001,0.00023821774715022465,0.0033229102459038638,0.0035611279930540885
1.8700000000000001,0.00020909089212286833,0.0025592955380333701,0.0027683864301562386
1.8800000000000001,5.6633258631010866e-05,-0.0029210899818188463,-0.0028644567231878356
1.8900000000000001,0.00025135038857599453,0.0028910282439855019,0.0031423786325614966
1.9000000000000001,0.00024168209506905387,-0.0030222168195942734,-0.0027805347245252196
1.9100000000000001,0.0001911330158330757,0.0021502001555047489,0.0023413331713378247
1.9199999999999999,6.5072692517801598e-05,-0.00040568319741672218,-0.00034061050489892061
1.9299999999999999,0.00012050648472665884,-0.00010984397083326949,1.066251389338935e-05
1.9399999999999999,-0.00015437648293693631,0.0040045368842377745,0.0038501604013008381
1.95,4.2844588967553003e-05,-0.0031980160512799791,-0.0031551714623124262
1.96,-0.00021545703015685185,0.00037112840831306828,0.00015567137815621643
1.97,-8.482883934124807e-05,-0.0045496067477923631,-0.0046344355871336109
1.98,8.7175899780686961e-05,-0.0030120185947510782,-0.0029248426949703911
1.99,-0.00025735331613888161,-0.0049303868675585208,-0.0051877401836974025
2,-0.00029225448739882473,-0.0077814599827882086,-0.0080737144701870326
2.0100000000000002,-0.00056583778007784197,0.0064660017480122917,0.0059001639679344495
2.02,-0.0006943198133636607,0.002650999648890822,0.0019566798355271611
2.0300000000000002,-0.0008640904161807784,0.0054375122747222226,0.0045734218585414439
2.04,-0.00088278085258349252,0.0043035246028984417,0.003420743750314949
2.0499999999999998,-0.00087547803246760235,0.0019087083969392354,0.001033230364471633
2.0600000000000001,-0.0010461146402280402,0.0027539263310815787,0.0017078116908535385
2.0699999999999998,-0.0012257932013188604,0.00151663330847909,0.00029084010716022958
2.0800000000000001,-0.0015960641418386388,-0.0021962210700600389,-0.0037922852118986777
2.0899999999999999,-0.00099411165567398841,-0.0035247069045305809,-0.0045188185602045693
2.1000000000000001,-0.001294457678528556,0.0025582262243836781,0.0012637685458551221
2.1099999999999999,-0.0011645296322306529,0.0031176028177262406,0.0019530731854955877
2.1200000000000001,-0.0010536770611481493,0.0030559813488944044,0.0020023042877462551
2.1299999999999999,-0.0012496665018973962,-0.00046761645657573833,-0.0017172829584731345
2.1400000000000001,-0.0013890596147285951,-0.0095469375500158039,-0.010935997164744398
2.1499999999999999,-0.0013663559203238348,0.0056623732483889154,0.0042960173280650804
2.1600000000000001,-0.0013709879389746185,-0.0020705132153797557,-0.0034415011543543744
2.1699999999999999,-0.0012680406043796227,-0.00098784663614775005,-0.002255887240527373
2.1800000000000002,-0.0013783069792211544,-0.002549244213145081,-0.0039275511923662354
2.1899999999999999,-0.0013452392627915785,-0.001889217643736822,-0.0032344569065284002
2.2000000000000002,-0.0016779507487843454,-0.004735181018995796,-0.0064131317677801414
2.21,-0.0018617058896727154,-0.0041786313272070778,-0.0060403372168797934
2.2200000000000002,-0.0018984752004613296,-0.0045432205563497785,-0.0064416957568111076
2.23,-0.0018276500108004986,-0.0030407359723295686,-0.0048683859831300672
2.2400000000000002,-0.0021025409403955526,0.001524892646679235,-0.00057764829371631759
2.25,-0.002280117694840426,-0.0023671543431140868,-0.0046472720379545128
2.2600000000000002,-0.0023037084265535167,-0.0062189156968114924,-0.0085226241233650087
2.27,-0.002035005837657184,-0.013565037155590428,-0.015600042993247612
2.2800000000000002,-0.0021604131059026932,0.0016584766996965113,-0.00050193640620618189
2.29,-0.0022716636422176373,-0.0099128594538994367,-0.012184523096117074
2.3000000000000003,-0.0023253109514874627,-0.0013156474249046157,-0.0036409583763920787
2.3100000000000001,-0.0025005286883175585,-0.00081565845604270764,-0.0033161871443602659
2.3199999999999998,-0.0025576087721760183,0.0054246118778814509,0.0028670031057054326
2.3300000000000001,-0.0026374604272410194,-0.00061876246946451275,-0.0032562228967055323
2.3399999999999999,-0.0022706664004041826,-0.0032447870333849513,-0.005515453433789134
2.3500000000000001,-0.0021246591406352926,0.0016358223095465016,-0.00048883683108879097
2.3599999999999999,-0.0018716673887058833,-0.002461790551357076,-0.0043334579400629595
2.3700000000000001,-0.002159502450439952,-0.0031257687124478036,-0.0052852711628877556
2.3799999999999999,-0.0021270505260994788,-0.009776312042763545,-0.011903362568863023
2.3900000000000001,-0.0019923074834969899,0.0018439655145228364,-0.00014834196897415349
2.3999999999999999,-0.0017691662948848197,-0.00620163118319876,-0.0079707974780835796
2.4100000000000001,-0.0017231445082546079,0.012793513396038222,0.011070368887783615
2.4199999999999999,-0.0015100997178864636,0.005355544679444749,0.0038454449615582852
2.4300000000000002,-0.0013175338839598104,0.0018835805113530154,0.00056604662739320505
2.4399999999999999,-0.0011836479667636094,0.00022215666844723405,-0.00096149129831637537
2.4500000000000002,-0.0010078796613108541,0.0044852285207410024,0.0034773488594301485
2.46,-0.00099880984276899047,-0.0023531975877558679,-0.0033520074305248585
2.4700000000000002,-0.001391829492341031,0.0005457548853651052,-0.00084607460697592584
2.48,-0.0012151817868426853,-0.0037332992660911333,-0.0049484810529338182
2.4900000000000002,-0.001391091297463524,0.005926628345552974,0.00453553704808945
2.5,-0.0014776223403427876,-0.0017218703730818652,-0.0031994927134246526
2.5100000000000002,-0.0016532121271817279,-0.00036042524592427817,-0.0020136373731060061
2.52,-0.001670886638990393,0.0021486598208364585,0.00047777318184606546
2.5300000000000002,-0.0014952865564803201,0.0051501715886271577,0.0036548850321468374
2.54,-0.0012851453360562485,-0.00040630869993298118,-0.0016914540359892296
2.5500000000000003,-0.001274733075279977,-0.0010452461674175656,-0.0023199792426975424
2.5600000000000001,-0.0014285038004551776,-0.0052815976760806523,-0.0067101014765358295
2.5699999999999998,-0.0014614528023930097,-0.003599285924462489,-0.0050607387268554989
2.5800000000000001,-0.0015363767328538224,-0.0034796765060422477,-0.0050160532388960699
2.5899999999999999,-0.0019533530941313573,-0.00016399450078332249,-0.0021173475949146799
2.6000000000000001,-0.0022569002838295433,-0.00052177831692223268,-0.0027786786007517762
2.6099999999999999,-0.0025399936454407468,-0.0055976034782199372,-0.008137597123660684
2.6200000000000001,-0.0026888834608483608,-0.0029811774384883223,-0.0056700608993366826
2.6299999999999999,-0.0030472610122870211,0.0069994507571168301,0.003952189744829809
2.6400000000000001,-0.0030321297722408244,0.00041465674479053633,-0.0026174730274502881
2.6499999999999999,-0.0029140685039628304,-0.00070714087476829272,-0.0036212093787311231
2.6600000000000001,-0.0027523754317953391,-0.00054721565533540452,-0.0032995910871307437
2.6699999999999999,-0.0027232398943790852,-0.0055880546397606094,-0.0083112945341396946
2.6800000000000002,-0.0028212507052930817,2.6083839165464999e-05,-0.0027951668661276166
2.6899999999999999,-0.0026268000429796193,-6.2804237216159968e-05,-0.0026896042801957793
2.7000000000000002,-0.0026727516202386357,0.0027873723884548414,0.00011462076821620567
2.71,-0.0028512967464686149,0.0024748901361506836,-0.00037640661031793131
2.7200000000000002,-0.0025979623345373667,-0.0024823340421957557,-0.0050802963767331219
2.73,-0.002372632506172674,0.0053468003538110287,0.0029741678476383547
2.7400000000000002,-0.0024646880650003589,0.0010161502939653178,-0.0014485377710350411
2.75,-0.0021326667547777005,0.0017490397474835056,-0.00038362700729419486
2.7600000000000002,-0.0019810608492375737,-0.0041480371740860627,-0.0061290980233236359
2.77,-0.0020111581098090003,0.0033908121318100681,0.0013796540220010678
2.7800000000000002,-0.0020090290234276477,-0.0008644839950050086,-0.0028735130184326563
2.79,-0.0019292947115716196,-0.0080906930472224633,-0.010019987758794082
2.8000000000000003,-0.0021968096655491827,0.0027792400456921125,0.00058243038014292982
2.8100000000000001,-0.0023937444207064551,0.00088786828302945685,-0.0015058761376769982
2.8199999999999998,-0.002354909929697324,0.0028740648056694664,0.00051915487597214245
2.8300000000000001,-0.0021727031936618255,0.0050083114061565907,0.0028356082124947652
2.8399999999999999,-0.0020107518664115218,0.000120710581188993,-0.0018900412852225288
2.8500000000000001,-0.0017725939589290055,-0.0077240166892859809,-0.009496610648214986
2.8599999999999999,-0.0019429275735064107,-0.00041792538289097585,-0.0023608529563973867
2.8700000000000001,-0.0020326977458336036,-0.0086327156331474086,-0.010665413378981012
2.8799999999999999,-0.0021363198031027412,0.0052323463687562544,0.0030960265656535132
2.8900000000000001,-0.0024955732650060033,-0.00070389460622519379,-0.0031994678712311971
2.8999999999999999,-0.0023857933785455415,-0.0011495271513203701,-0.0035353205298659113
2.9100000000000001,-0.0025514208226930738,0.00041597765651605543,-0.0021354431661770182
2.9199999999999999,-0.0023854966505013979,-0.0024318743437122233,-0.0048173709942136208
2.9300000000000002,-0.0022239906174219598,0.0010170966264250003,-0.0012068939909969595
2.9399999999999999,-0.0021830614487233216,-0.0052810012542926889,-0.0074640627030160105
2.9500000000000002,-0.001950749355662801,0.0012807585362871392,-0.0006699908193756618
2.96,-0.0020620558376863796,-0.00085797929621810021,-0.00292003513390448
2.9700000000000002,-0.0017924494014550422,-0.0016868821703137228,-0.0034793315717687647
2.98,-0.0017360367476636032,0.0010071164407945926,-0.00072892030686901054
2.9900000000000002,-0.0016694229229005418,-0.0022892798703557458,-0.0039587027932562876
3,-0.0017364028344216791,0.0061581390844310203,0.0044217362500093413
3.0100000000000002,-0.0015660837730370122,0.0066163901816993984,0.0050503064086623861
3.02,-0.0015952057486787366,-0.0018275499034884771,-0.0034227556521672139
3.0300000000000002,-0.0016216549154084963,-0.0058129595335789314,-0.0074346144489874279
3.04,-0.0014097031998222987,0.0084204684538719248,0.0070107652540496264
3.0500000000000003,-0.0011455006776704235,-0.005203388600539008,-0.0063488892782094311
3.0600000000000001,-0.0010497111581302596,0.0023973146900808542,0.0013476035319505946
3.0700000000000003,-0.00063365464136655697,0.0063466446328207344,0.0057129899914541774
3.0800000000000001,-0.00069132609892822697,0.0027560936254621064,0.0020647675265338793
3.0899999999999999,-0.00050036499609990405,0.0061588513706037785,0.0056584863745038749
3.1000000000000001,-0.00042870893063421257,0.0044306641883710045,0.0040019552577367917
3.1099999999999999,-0.00056148457807453725,-0.00285892011863117,-0.0034204046967057072
3.1200000000000001,-0.00070199918317613498,0.00066141224034256465,-4.0586942833570339e-05
3.1299999999999999,-0.00044118606648973916,-0.0048902845255603166,-0.0053314705920500562
3.1400000000000001,-0.00046939218195426807,-0.0063186431579948443,-0.0067880353399491127
3.1499999999999999,-0.00021890715340662492,-0.0015449849558637572,-0.0017638921092703822
3.1600000000000001,-0.00034479028841442785,-0.0029038407192420908,-0.0032486310076565187
3.1699999999999999,-0.00022202063836118836,0.001978077730640718,0.0017560570922795296
3.1800000000000002,-0.00048833742120604371,0.00028859753714988618,-0.00019973988405615754
3.1899999999999999,-0.00019734053835703246,-0.0054509301163664058,-0.0056482706547234382
3.2000000000000002,-3.1705220168830848e-05,-0.0092196434525691259,-0.0092513486727379569
3.21,-1.8198405324537569e-05,-0.0055559992311591637,-0.0055741976364837012
3.2200000000000002,-3.5614406482192227e-08,-0.0056174514668768062,-0.0056174870812832883
3.23,3.1323443336621034e-05,-0.0033643769079849672,-0.0033330534646483462
3.2400000000000002,-0.00026113306803883507,0.00088679791146951503,0.00062566484343067996
3.25,-0.00010410310075364179,0.0032848913478230372,0.0031807882470693953
3.2600000000000002,-0.00022134236382144755,-0.0049583720029880204,-0.0051797143668094675
3.27,-8.4591429539258753e-05,-0.006997620761222261,-0.0070822121907615195
3.2800000000000002,6.8028396349771396e-05,-0.0081958269765964424,-0.0081277985802466705
3.29,0.00020196825842545897,0.0014398640531123803,0.0016418323115378393
3.3000000000000003,0.00049819507099523909,0.0028892037311366867,0.0033873988021319258
3.3100000000000001,0.00027989892791367536,-0.0037463100493464515,-0.0034664111214327761
3.3200000000000003,0.00023283585151734964,-0.0036931275348694712,-0.0034602916833521217
3.3300000000000001,0.00010772392612215211,-0.0056584829062610318,-0.00555075898013888
3.3399999999999999,-0.00033042922410525218,0.00050204547478949668,0.0001716162506842445
3.3500000000000001,-4.2952332403801714e-05,0.0056129578527321037,0.0055700055203283024
3.3599999999999999,5.5771036372461729e-05,-0.003213022367003287,-0.003157251330630825
3.3700000000000001,0.00024945041602875026,0.00068871689749218314,0.00093816731352093334
3.3799999999999999,7.472772293606994e-05,0.0056264675201008934,0.005701195243036963
3.3900000000000001,-2.8832348274787574e-05,0.0027821928783199538,0.0027533605300451664
3.3999999999999999,-0.00033500684816809381,0.0034690369752496918,0.0031340301270815982
3.4100000000000001,-0.00032977111629340852,-0.0030851639882840025,-0.003414935104577411
3.4199999999999999,-1.2793940915365896e-05,-0.0011255747922963076,-0.0011383687332116735
3.4300000000000002,0.00015901755996582042,-0.0057894403825664246,-0.0056304228226006043
3.4399999999999999,0.00019977664521891986,-0.0010026488261835301,-0.00080287218096461021
3.4500000000000002,0.00015312449424340503,0.0049612384305599564,0.0051143629248033614
3.46,-2.0821517142341207e-05,-0.0043527605107193139,-0.0043735820278616548
3.4700000000000002,-0.00012221387517191571,-0.00078112542926218778,-0.00090333930443410354
3.48,-0.00025579658454304556,-0.00090298872258422842,-0.001158785307127274
3.4900000000000002,0.00016576644190874259,0.011652097188382803,0.011817863630291546
3.5,-8.6175716659412391e-05,-0.00062156735615885193,-0.00070774307281826427
3.5100000000000002,0.00030337186297324845,0.00095610402290127879,0.0012594758858745273
3.52,0.0002085445305628447,0.00053859839506364504,0.00074714292562648975
3.5300000000000002,0.00038854773470561524,0.0040142864192421572,0.0044028341539477725
3.54,0.00054315050762488912,0.0060500582841055816,0.0065932087917304708
3.5500000000000003,0.00053442801620959442,0.0036712777369867127,0.0042057057531963071
3.5600000000000001,0.00048944174875048757,-0.00010220551528757615,0.00038723623346291144
3.5700000000000003,0.00051444369472169028,-0.00029141828379396944,0.00022302541092772085
3.5800000000000001,0.00076425754191320437,0.0042926683956932311,0.0050569259376064355
3.5899999999999999,0.00086161865922005049,-0.005071564290364876,-0.0042099456311448253
3.6000000000000001,0.0010127289178075904,0.0089812767176508431,0.0099940056354584327
3.6099999999999999,0.0013938414044903284,-0.0014586674612200882,-6.4826056729759812e-05
3.6200000000000001,0.001159881233384352,-0.0010892229716640148,7.0658261720337161e-05
3.6299999999999999,0.0010724533442451022,-0.001091290544996902,-1.8837200751799796e-05
3.6400000000000001,0.00096521747570224581,-5.0870091602875566e-05,0.00091434738409937029
3.6499999999999999,0.00075457387477173999,0.0046622066117648466,0.0054167804865365866
3.6600000000000001,0.00100260311438915,-0.006880758925649785,-0.0058781558112606346
3.6699999999999999,0.0007067573038113588,-0.00092519713632941369,-0.00021843983251805489
3.6800000000000002,0.00095276593760162281,0.0013313010468437401,0.0022840669844453629
3.6899999999999999,0.0009294981063766505,0.0024853581349499995,0.00341485624132665
3.7000000000000002,0.00074706533236906271,-0.0012558587619280908,-0.00050879342955902811
3.71,0.00120130534203716,-0.0040181841873788635,-0.0028168788453417034
3.7200000000000002,0.0011565235713642853,0.0026079736494243112,0.0037644972207885965
3.73,0.0012293797990631759,0.0021693815629464618,0.0033987613620096377
3.7400000000000002,0.0013297948210518429,-4.0514292123578106e-05,0.0012892805289282648
3.75,0.001353176399922479,0.0085094106923828908,0.0098625870923053707
3.7600000000000002,0.0016475504635700159,0.00089658542046119601,0.0025441358840312118
3.77,0.0017390607313318446,-0.0032449445706209026,-0.0015058838392890579
3.7800000000000002,0.0019191065624532999,-0.0040092677467533167,-0.0020901611843000168
3.79,0.0017161417588247121,-0.0018599417477924423,-0.0001437999889677302
3.8000000000000003,0.0017873393000298443,-0.00061545886861487972,0.0011718804314149647
3.8100000000000001,0.0017875424074383086,0.0034705569895931215,0.0052580993970314299
3.8200000000000003,0.0021005853416626837,0.0010753568970927605,0.0031759422387554444
3.8300000000000001,0.001746244986243683,0.0022477057343108027,0.0039939507205544855
3.8399999999999999,0.0014675138452093922,0.0054153863010164716,0.0068829001462258638
3.8500000000000001,0.0014291257335647995,0.0026077269386382664,0.0040368526722030663
3.8599999999999999,0.0013041502662566203,0.0003079279505039203,0.0016120782167605406
3.8700000000000001,0.0014924677057271585,-0.0028586523504659442,-0.0013661846447387857
3.8799999999999999,0.0013617862237117171,-0.002446047986801462,-0.0010842617630897448
3.8900000000000001,0.0015162817284907859,0.0077101199331866032,0.0092264016616773886
3.8999999999999999,0.0015098938032464639,0.0095705892031559565,0.011080483006402421
3.9100000000000001,0.0012962070550428333,-0.0072087133646475312,-0.0059125063096046974
3.9199999999999999,0.0012859046928405042,-0.011590817533859335,-0.01030491284101883
3.9300000000000002,0.0015843831993501481,0.0007532785571217164,0.0023376617564718647
3.9399999999999999,0.0019165588085122563,0.00047749551354631266,0.0023940543220585691
3.9500000000000002,0.0017650129349001376,0.0011212640203018278,0.0028862769552019654
3.96,0.0019971385457516191,-0.0068559406075425098,-0.0048588020617908907
3.9700000000000002,0.0020273971388622171,0.0024976890097737729,0.00452508614863599
3.98,0.0017146261082248136,-0.00072995452774857683,0.00098467158047623685
3.9900000000000002,0.0018059050462153141,0.0032159491314692171,0.0050218541776845312
4,0.0015490877704714206,-0.0050642724380203438,-0.0035151846675489234
4.0099999999999998,0.0015935481150445765,0.0020051274112725301,0.0035986755263171066
4.0200000000000005,0.0015702073430772761,0.00025456049800581977,0.0018247678410830959
4.0300000000000002,0.0014168859897044669,-0.0015175380906993932,-0.0001006521009949263
4.04,0.0013194026383805211,0.00040473640410591799,0.001724139042486439
4.0499999999999998,0.00121851453260518,-0.0012720166957172578,-5.3502163112077858e-05
4.0600000000000005,0.0012163799390475794,-0.00051258197643783035,0.000703797962609749
4.0700000000000003,0.00087963595162555714,0.0035028645840567522,0.0043825005356823094
4.0800000000000001,0.00073223818329843878,-0.0014205107538852138,-0.00068827257058677507
4.0899999999999999,0.00090476250005740665,0.0038831860227769833,0.0047879485228343897
4.0999999999999996,0.000807818227709795,-0.011620088644123061,-0.010812270416413266
4.1100000000000003,0.00069760678451077701,0.0030098322831051487,0.0037074390676159258
4.1200000000000001,0.00067415484761214166,0.0048479346779954106,0.0055220895256075523
4.1299999999999999,0.00096365332645480663,0.0011818399944779586,0.0021454933209327652
4.1399999999999997,0.00096330489941081645,-0.007661452408746024,-0.0066981475093352075
4.1500000000000004,0.0010921037823642483,0.00070043759310949917,0.0017925413754737475
4.1600000000000001,0.0010022920409289639,0.0053739445727707478,0.0063762366136997112
4.1699999999999999,0.00089596616398549065,0.00066040863203344492,0.0015563747960189356
4.1799999999999997,0.0010280117733944215,0.0049326468114415161,0.0059606585848359372
4.1900000000000004,0.0013524374370190734,-0.0001542132138895773,0.0011982242231294961
4.2000000000000002,0.0015123064918317281,-0.00094244048557233344,0.00056986600625939462
4.21,0.0013273386718379745,-0.00081979303153686164,0.00050754564030111289
4.2199999999999998,0.0011972896242089977,-0.0062605733035162054,-0.0050632836793072077
4.2300000000000004,0.0010282923742039524,-0.00015006402141363388,0.00087822835279031855
4.2400000000000002,0.0009027586162531899,-0.00037021152388630913,0.00053254709236688082
4.25,0.0010296463348709933,0.0010471334808013252,0.0020767798156723187
4.2599999999999998,0.00060203519757462669,-0.0011755078806664739,-0.00057347268309184719
4.2700000000000005,0.00039856458641737149,0.0050035123231245288,0.0054020769095419006
4.2800000000000002,0.00050389572730560721,-0.0036803948091740494,-0.0031764990818684423
4.29,0.00035306073647680444,-0.0039928587386630103,-0.0036397980021862057
4.2999999999999998,0.00022191799455962343,-0.0065880615659843975,-0.0063661435714247741
4.3100000000000005,-1.1279024044305472e-05,0.0041094552161875858,0.0040981761921432807
4.3200000000000003,-0.00012265481620207168,-0.0017745559854788131,-0.0018972108016808847
4.3300000000000001,-0.00012755477377797943,-0.0031781612155750067,-0.0033057159893529861
4.3399999999999999,0.00013525692339340305,0.003188340563211922,0.0033235974866053252
4.3500000000000005,0.0001663512395100288,-0.0011526044510960928,-0.00098625321158606408
4.3600000000000003,-0.00019696214281561406,0.0024494665068664078,0.0022525043640507936
4.3700000000000001,-7.4263996147210675e-05,-0.0025253601972209678,-0.0025996241933681783
4.3799999999999999,-0.00035273558410046999,-7.7581324405007497e-05,-0.00043031690850547748
4.3899999999999997,-0.00061976563184820807,-0.010612324113832847,-0.011232089745681056
4.4000000000000004,-0.0004084234332228404,-9.8096569721349616e-06,-0.00041823309019497535
4.4100000000000001,-0.00052349267653358335,-0.0039339462335924655,-0.0044574389101260485
4.4199999999999999,-0.00058476670425293854,0.0063084943409845501,0.0057237276367316115
4.4299999999999997,-0.00022473240873210968,0.00010864452783216597,-0.00011608788089994372
4.4400000000000004,5.2139095901685014e-05,0.001066905956968605,0.0011190450528702901
4.4500000000000002,-9.9781411929453668e-05,0.0038047779560418868,0.003704996544112433
4.46,2.4675439555750024e-05,0.0026738388132821222,0.0026985142528378721
4.4699999999999998,2.642562037363357e-05,0.0052692581699726971,0.0052956837903463307
4.4800000000000004,1.0593141394577289e-05,-0.0021697796034757543,-0.0021591864620811771
4.4900000000000002,0.00041971340398785304,-0.0034508824725948961,-0.003031169068607043
4.5,0.00073866990658395272,0.0010063715657610641,0.001745041472345017
4.5099999999999998,0.00066505590695708507,0.00028475354284411639,0.00094980944980120152
4.5200000000000005,0.00056710253835291768,0.0035231894639664047,0.0040902920023193224
4.5300000000000002,0.00068970511661961922,0.00056846465353747931,0.0012581697701570986
4.54,0.00033082493360359831,0.0069096448142105527,0.0072404697478141511
4.5499999999999998,0.00043894257659672355,-0.0033119984697462042,-0.0028730558931494808
4.5600000000000005,0.00028542964374425367,0.0039739824980253033,0.0042594121417695568
4.5700000000000003,0.00044788594024440954,-0.00036614917132717832,8.1736768917231215e-05
4.5800000000000001,0.00014900860765391347,-0.00385610585241738,-0.0037070972447634668
4.5899999999999999,0.00031901636670175477,0.0047734885608915192,0.0050925049275932742
4.6000000000000005,0.00052449896583618575,5.2389642145928983e-05,0.00057688860798211475
4.6100000000000003,0.00014332937046162685,-0.00045652145589879418,-0.00031319208543716733
4.6200000000000001,0.00029017191144284935,-0.0066635331071379349,-0.0063733611956950853
4.6299999999999999,0.0006782716687749222,-0.0032687060628196415,-0.0025904343940447196
4.6399999999999997,0.00065094461739691016,-0.0012277366642273642,-0.00057679204683045403
4.6500000000000004,0.00069818515164291235,-0.00054200749800936276,0.00015617765363354959
4.6600000000000001,0.00065992481941534807,0.0024022493729931155,0.0030621741924084637
4.6699999999999999,0.00024849856405156798,-0.0054293570086859323,-0.005180858444634364
4.6799999999999997,0.00052626634280247722,-0.00017976105566798752,0.00034650528713448968
4.6900000000000004,0.00020248027097053377,0.0021727341048893706,0.0023752143758599045
4.7000000000000002,-9.6410939918256406e-05,-0.0033824281689867636,-0.00347883910890502
4.71,-0.00035124417298555688,0.0060638540945807751,0.0057126099215952181
4.7199999999999998,-0.00028783530038150587,0.0019243263491067555,0.0016364910487252496
4.7300000000000004,-0.00015464589061973057,0.0054739429368390489,0.005319297046219318
4.7400000000000002,-0.000206895042341095,-0.0064460824106377683,-0.0066529774529788636
4.75,-0.00014093493503231856,0.0015951551221793209,0.0014542201871470023
4.7599999999999998,0.00022289280974779289,0.00076956051575755404,0.00099245332550534698
4.7700000000000005,-1.7982891886787994e-05,0.0037859425337791229,0.0037679596418923348
4.7800000000000002,-7.9350848602814054e-05,0.0034526564444045727,0.0033733055958017587
4.79,-1.296953700456857e-05,-0.0068792030904718995,-0.0068921726274764677
4.7999999999999998,-0.00021943471132505221,0.0032055264655946238,0.0029860917542695715
4.8100000000000005,0.00014842128102235321,0.0013265325251582707,0.0014749538061806238
4.8200000000000003,5.3235629915462688e-05,-0.0038438362042325929,-0.0037906005743171302
4.8300000000000001,0.00029045025343722562,0.0059598666733378641,0.0062503169267750895
4.8399999999999999,0.00034301444945786849,-0.0035072260001360179,-0.0031642115506781495
4.8500000000000005,0.00017827064225827541,0.0025081709190657793,0.0026864415613240549
4.8600000000000003,0.00018099668436199099,0.00087398849689764718,0.0010549851812596382
4.8700000000000001,0.00064462163431993236,0.00013186539536535173,0.00077648702968528415
4.8799999999999999,0.00097516311590489498,0.0029382682335666334,0.0039134313494715283
4.8899999999999997,0.00079006460747767259,0.0057368861089797637,0.006526950716457436
4.9000000000000004,0.0005156038625943846,-0.00043932773134134587,7.6276131253038724e-05
4.9100000000000001,0.00067043739541194772,0.00042416047353741233,0.0010945978689493601
4.9199999999999999,0.00072804047190718358,0.0027193276105596073,0.0034473680824667909
4.9299999999999997,0.0010613020704239688,-0.010163350831865193,-0.009102048761441224
4.9400000000000004,0.00089152191115624523,1.7159482221534066e-05,0.00090868139337777929
4.9500000000000002,0.00084508835944048998,0.0003858062074192139,0.0012308945668597039
4.96,0.00087913338516421122,-0.0049405205138074596,-0.0040613871286432485
4.9699999999999998,0.00096830014963185352,0.00036734017541332559,0.0013356403250451791
4.9800000000000004,0.0010405579497861971,-0.005297577245607899,-0.0042570192958217021
4.9900000000000002,0.0010195481382938064,-0.0052446246238228014,-0.004225076485528995
5,0.0012874727212520431,0.0013965429143311826,0.0026840156355832255
5.0099999999999998,0.001136669340121857,0.0064470808434007511,0.0075837501835226079
5.0200000000000005,0.0011410441538884921,0.00071795563830258965,0.0018589997921910819
5.0300000000000002,0.0012610468316495585,0.0049716800623324821,0.0062327268939820404
5.04,0.0011966844751070437,0.002750242225403847,0.0039469267005108905
5.0499999999999998,0.0015143383322484478,-0.0035249452824879209,-0.0020106069502394729
5.0600000000000005,0.0015720795091766536,-0.0044035822077184263,-0.0028315026985417727
5.0700000000000003,0.0015562997030393255,0.0057910503946839156,0.0073473500977232408
5.0800000000000001,0.0015394055122003477,-0.0021906616486218286,-0.0006512561364214809
5.0899999999999999,0.0016633901704683741,0.0045250248268411987,0.0061884149973095732
5.1000000000000005,0.0018753831554256424,-0.0023796427147154673,-0.00050425955928982491
5.1100000000000003,0.002034292016321959,0.0040461831637882903,0.0060804751801102497
5.1200000000000001,0.0022251926859031051,0.0060085125119478371,0.0082337051978509414
5.1299999999999999,0.0024817083791054645,0.0030734539413947853,0.0055551623205002502
5.1399999999999997,0.0024797325086115905,-0.0011799047574554931,0.0012998277511560973
5.1500000000000004,0.002434162117653908,-0.0021965527835009647,0.00023760933415294333
5.1600000000000001,0.0024135579096499129,-0.0041179602470340455,-0.0017044023373841326
5.1699999999999999,0.0017929187364140076,-0.00427298181874776,-0.0024800630823337525
5.1799999999999997,0.0020888780983535642,-0.0030799628775843696,-0.00099108477923080546
5.1900000000000004,0.0023683737400685199,0.0047296543765992741,0.0070980281166677945
5.2000000000000002,0.0023630948813715582,0.002354967326767599,0.0047180622081391572
5.21,0.002338548536271638,-0.0024118452299743678,-7.3296693702729846e-05
5.2199999999999998,0.0021933235638928986,0.0011886486595963728,0.0033819722234892714
5.2300000000000004,0.0019760083081171217,-0.0022052768529990155,-0.00022926854488189386
5.2400000000000002,0.0016857616379223734,0.0041852523439062277,0.0058710139818286006
5.25,0.0016775308124071736,-0.0047797570617757598,-0.0031022262493685861
5.2599999999999998,0.0014360288769759582,0.0087193668740403792,0.010155395751016337
5.2700000000000005,0.0017203236818934397,-0.0018440420118899061,-0.00012371832999646644
5.2800000000000002,0.0016260705945373235,0.00041511651086173908,0.0020411871053990626
5.29,0.0018281318300938534,0.00094695579642561879,0.0027750876265194725
5.2999999999999998,0.0015841418074979846,-0.00069223686248490234,0.00089190494501308222
5.3100000000000005,0.0021741495397174875,0.0030354809872827652,0.0052096305270002523
5.3200000000000003,0.0020643084239582621,0.0017971795235151367,0.0038614879474733986
5.3300000000000001,0.0022032949643247934,-0.0058901415255119167,-0.0036868465611871234
5.3399999999999999,0.0021803309283902421,0.0043824335897349066,0.0065627645181251491
5.3500000000000005,0.0021050713054079945,-0.00034090545671372415,0.0017641658486942703
5.3600000000000003,0.0020305307303357437,-7.678640725941006e-06,0.0020228520896098025
5.3700000000000001,0.0021309829969689245,-0.0024115220531872594,-0.0002805390562183349
5.3799999999999999,0.0018406434254088198,0.002854023458012383,0.0046946668834212026
5.3899999999999997,0.0021042622914343805,0.0054816530046533779,0.0075859152960877588
5.4000000000000004,0.002075978988005133,-0.0041939828079457959,-0.0021180038199406629
5.4100000000000001,0.0022438413437618856,0.0057225864258273074,0.0079664277695891926
5.4199999999999999,0.0021075693802365086,-0.0027901174297908088,-0.00068254804955430017
5.4299999999999997,0.0020647935516590588,-0.0019491029736536302,0.00011569057800542857
5.4400000000000004,0.0022634010797817697,0.0064539813922147912,0.0087173824719965608
5.4500000000000002,0.0024556110119038068,-0.0037153732746559448,-0.001259762262752138
5.46,0.0026755489224358454,0.0056343786502653847,0.0083099275727012301
5.4699999999999998,0.0030195536628972205,0.0049238553525236747,0.0079434090154208957
5.4800000000000004,0.002839344016182686,0.0047433180133898177,0.0075826620295725037
5.4900000000000002,0.0028218468792538809,0.0080933975426686882,0.010915244421922569
5.5,0.0026278116424823571,-0.0039938435233534591,-0.0013660318808711019
5.5099999999999998,0.0027150574141552087,0.0043643328367251617,0.0070793902508803699
5.5200000000000005,0.0030128568887064348,0.0048951610271680841,0.0079080179158745184
5.5300000000000002,0.0030544559871407946,-0.0035826167524888801,-0.00052816076534808543
5.54,0.003632646828770382,0.0010903090301884514,0.0047229558589588338
5.5499999999999998,0.0036494923670186033,0.00021968809718382834,0.0038691804642024315
5.5600000000000005,0.0037766461149627579,0.00031383192060943226,0.00409047803557219
5.5700000000000003,0.0032573988273887806,-0.00040053789217521453,0.002856860935213566
5.5800000000000001,0.0033209044194287053,-0.0058637465556449133,-0.002542842136216208
5.5899999999999999,0.0032824180035176762,-0.0051107336431716029,-0.0018283156396539267
5.6000000000000005,0.0031595857749396081,-0.0045400083163644354,-0.0013804225414248274
5.6100000000000003,0.0032247559363138729,-0.0023053664290711637,0.00091938950724270926
5.6200000000000001,0.0032454033498029123,0.0023474116557436874,0.0055928150055465998
5.6299999999999999,0.0032886770114092705,0.0011828381792597746,0.0044715151906690453
5.6399999999999997,0.0033723316086032001,0.0036943847089222206,0.0070667163175254207
5.6500000000000004,0.0031140071242061551,0.0053337862832671511,0.0084477934074733071
5.6600000000000001,0.0032234318841547708,-0.0034018869664473126,-0.00017845508229254181
5.6699999999999999,0.0033083018576105338,-0.0026636401920626068,0.00064466166554792703
5.6799999999999997,0.0035465049686143877,0.0023050381610433815,0.0058515431296577696
5.6900000000000004,0.0039848564577498902,0.00095046067208463141,0.0049353171298345214
5.7000000000000002,0.0044142072502752544,0.0024098664726483186,0.0068240737229235734
5.71,0.0046274520630527694,0.0059138172804016082,0.010541269343454378
5.7199999999999998,0.004645573706962741,-0.0050626861739496648,-0.00041711246698692382
5.7300000000000004,0.0045461048364345618,0.0062742401061988617,0.010820344942633424
5.7400000000000002,0.004425056954714672,0.0030230668577799209,0.0074481238124945934
5.75,0.0042072021634117183,-0.00034935041678472924,0.0038578517466269892
5.7599999999999998,0.0041682588513729827,0.0011521938502410606,0.0053204527016140436
5.7700000000000005,0.0039045706844587306,0.0040293673242245811,0.0079339380086833125
5.7800000000000002,0.0040451772487299304,-0.0038137228296241687,0.00023145441910576168
5.79,0.003821536863054619,-0.0051653065606258935,-0.0013437696975712745
5.7999999999999998,0.0031388356645390852,-0.0011846492036459305,0.0019541864608931545
5.8100000000000005,0.0030777134202794152,0.0058518084649354235,0.0089295218852148382
5.8200000000000003,0.003094132297774021,-0.0014284512874804178,0.0016656810102936032
5.8300000000000001,0.002865431377366375,-0.005065762257529605,-0.00220033088016323
5.8399999999999999,0.0028283237089836571,0.0020318726629404726,0.0048601963719241293
5.8500000000000005,0.0028461638412303667,-4.7998027070933227e-05,0.0027981658141594335
5.8600000000000003,0.0028244465442429719,0.0011628527355900813,0.0039872992798330531
5.8700000000000001,0.002561874283014679,-0.0026820860512351895,-0.00012021176822051048
5.8799999999999999,0.0025526605514013152,0.0017255324971651358,0.0042781930485664508
5.8899999999999997,0.0026039525324429683,-0.0012936878249188754,0.0013102647075240929
5.9000000000000004,0.0025708422440163803,-0.001266761823623811,0.0013040804203925693
5.9100000000000001,0.0026121792786371698,3.124255775322659e-05,0.0026434218363903966
5.9199999999999999,0.0025032237341527826,-0.0045277225538322939,-0.0020244988196795113
5.9299999999999997,0.0028608877335879143,-0.0035783794561694109,-0.0007174917225814966
5.9400000000000004,0.0027315131900487902,-0.0023522796243057101,0.00037923356574308007
5.9500000000000002,0.002704862845527302,-0.0016832735310448341,0.0010215893144824679
5.96,0.0029249025797410786,-0.000350066115970022,0.0025748364637710568
5.9699999999999998,0.0030568049607187296,-0.0051786866571088127,-0.0021218816963900831
5.9800000000000004,0.0028968747329778241,0.0044410798596464128,0.0073379545926242368
5.9900000000000002,0.0029702182037368986,0.00063675667744534899,0.0036069748811822476
6,0.0031309074365847228,0.002620562689408881,0.0057514701259936043
6.0099999999999998,0.002948703297986739,-0.0032966821660765635,-0.00034797886808982451
6.0200000000000005,0.002819427899909248,-0.0024495593876104685,0.00036986851229877955
6.0300000000000002,0.0029181703478568148,0.003531788531532961,0.0064499588793897758
6.04,0.0031333890821165162,-0.0059229820525519691,-0.0027895929704354529
6.0499999999999998,0.0032135473517582113,0.0019097801716483169,0.0051233275234065286
6.0600000000000005,0.0030113585009791102,-0.0054713025214338865,-0.0024599440204547763
6.0700000000000003,0.0029481151690920119,0.0086757063102274531,0.011623821479319466
6.0800000000000001,0.0032250004291617409,0.0061099692977553532,0.0093349697269170945
6.0899999999999999,0.0034668122238342121,-0.0001206204755988713,0.003346191748235341
6.1000000000000005,0.003463737001749304,0.00042906767242536289,0.0038928046741746668
6.1100000000000003,0.003623528599535289,-0.0080966849827797047,-0.0044731563832444161
6.1200000000000001,0.0034659261527188218,0.0034900952113253413,0.0069560213640441626
6.1299999999999999,0.0034651166148035937,0.0034111217965736699,0.0068762384113772636
6.1400000000000006,0.003403559253434699,-0.00115305474621725,0.002250504507217449
6.1500000000000004,0.0031900979756565966,-0.0015958958093504805,0.0015942021663061161
6.1600000000000001,0.0031339564185852973,0.0029330387351572894,0.0060669951537425867
6.1699999999999999,0.0034385255706623013,-0.00048082060211574802,0.0029577049685465531
6.1799999999999997,0.0035979986123098398,0.00087440605569744621,0.0044724046680072859
6.1900000000000004,0.0030847565247871514,0.0030324783204136768,0.0061172348452008286
6.2000000000000002,0.0028867834173729938,0.0018842843489184692,0.0047710677662914629
6.21,0.0029732518889666968,0.0031229757659099297,0.0060962276548766261
6.2199999999999998,0.0029030821782424429,-0.0014941010480630219,0.001408981130179421
6.2300000000000004,0.0029140983151134258,0.0051475560156899183,0.0080616543308033445
6.2400000000000002,0.0031108018045082268,0.0035082174618591066,0.006619019266367333
6.25,0.0029512627927464827,-0.0012739065530800869,0.0016773562396663957
6.2599999999999998,0.0029025901054870258,0.0015037886344405362,0.0044063787399275618
6.2700000000000005,0.0029640138846106319,-0.0036394656676345186,-0.00067545178302388671
6.2800000000000002,0.0029595369811719636,-0.0052183203825544059,-0.0022587834013824424
6.29,0.0028524927916760358,-0.0032232052758415287,-0.00037071248416549289
6.2999999999999998,0.0026219551735728345,0.0040309289673122889,0.0066528841408851234
6.3100000000000005,0.0029193013477510008,0.0067793335412862808,0.0096986348890372824
6.3200000000000003,0.0028562326132204039,-0.0050769935349204076,-0.0022207609217000037
6.3300000000000001,0.0026196471194495688,0.0066326204300465024,0.0092522675494960717
6.3399999999999999,0.002726804868361324,0.001079162996265026,0.0038059678646263501
6.3500000000000005,0.0030685974188432944,0.0044321864566736662,0.0075007838755169606
6.3600000000000003,0.0036105462292298869,0.0035417531659947873,0.0071522993952246742
6.3700000000000001,0.0035924441691120566,0.0098068482146564905,0.013399292383768547
6.3799999999999999,0.0035206944355794215,0.0042233376014149818,0.0077440320369944037
6.3900000000000006,0.0035929168922665404,-0.0046878502994047973,-0.0010949334071382569
6.4000000000000004,0.0032843974560394134,-0.0030461775545076158,0.00023821990153179758
6.4100000000000001,0.0030428039240626113,-0.00016282709576444178,0.0028799768282981694
6.4199999999999999,0.0029282149638091403,0.0033803017807019246,0.0063085167445110649
6.4299999999999997,0.0031235710352879027,-0.00091875581802669515,0.0022048152172612074
6.4400000000000004,0.0032046506952540881,-0.0020709276457242828,0.0011337230495298053
6.4500000000000002,0.0031774096371080082,0.00036460473820284172,0.0035420143753108501
6.46,0.0029506704177735921,-0.0027609978053643918,0.00018967261240920028
6.4699999999999998,0.0029077414071285632,0.0064878055056648409,0.0093955469127934045
6.4800000000000004,0.0028969445553953554,-0.001427765830940422,0.0014691787244549333
6.4900000000000002,0.0031754091470279117,0.0039723101133344431,0.0071477192603623552
6.5,0.0033465259453655627,0.0022500598975794955,0.0055965858429450586
6.5099999999999998,0.0034629297797107344,-0.0079502279934513895,-0.0044872982137406552
6.5200000000000005,0.0035011205594745048,-0.0046454147931497105,-0.0011442942336752056
6.5300000000000002,0.0035557555849568051,-0.0014955122993564895,0.0020602432856003158
6.54,0.0035566206537853951,-0.0047008295615001989,-0.0011442089077148038
6.5499999999999998,0.0037199314159934863,0.0031121825166035917,0.0068321139325970785
6.5600000000000005,0.0032006085447253713,-0.003502952676773309,-0.00030234413204793765
6.5700000000000003,0.0033654199024652155,-0.00064046208733674836,0.0027249578151284674
6.5800000000000001,0.0033770610225887453,-0.0081200951301241969,-0.0047430341075354512
6.5899999999999999,0.0031954718539211079,-0.004217656098892103,-0.0010221842449709951
6.6000000000000005,0.0033427108614631981,-0.0030512417014443693,0.00029146916001882885
6.6100000000000003,0.0034685414777988108,-0.001238665023768821,0.0022298764540299898
6.6200000000000001,0.0040130855332826789,0.0037419498122527859,0.0077550353455354652
6.6299999999999999,0.0039874658864285989,0.012840131809818715,0.016827597696247313
6.6400000000000006,0.0039620778522057145,-0.001531002653827489,0.0024310751983782257
6.6500000000000004,0.0041438333525358091,0.0057723565007182041,0.0099161898532540132
6.6600000000000001,0.0040090603186131619,0.0012870731037644865,0.0052961334223776482
6.6699999999999999,0.0042588259199435969,0.0021222383506361419,0.0063810642705797388
6.6799999999999997,0.004094536062709847,0.0023721319397542635,0.0064666680024641106
6.6900000000000004,0.0039216527572006159,-0.0065062141227390383,-0.0025845613655384224
6.7000000000000002,0.0038098345506544684,0.0029499378071385176,0.006759772357792986
6.71,0.0036703775975848452,-0.00037564796656695034,0.0032947296310178948
6.7199999999999998,0.0033654134868622283,0.003531937528856873,0.0068973510157191009
6.7300000000000004,0.0030597723020567178,-0.0014251022650301807,0.0016346700370265372
6.7400000000000002,0.0027759278136330911,-0.001214899300652479,0.0015610285129806121
6.75,0.0032447203289458831,-0.0026621050183027357,0.00058261531064314736
6.7599999999999998,0.0035046615804460429,-0.0054153001396690407,-0.0019106385592229979
6.7700000000000005,0.0033242940875434571,0.00129315766999014,0.0046174517575335973
6.7800000000000002,0.0033751173238632608,-0.0030559740638075872,0.00031914326005567364
6.79,0.0037497318335009788,-0.0015631543167228352,0.0021865775167781436
6.7999999999999998,0.0036728294826918516,0.0060973242627157167,0.0097701537454075692
6.8100000000000005,0.0037456633458135898,0.0074859335362485371,0.011231596882062126
6.8200000000000003,0.0036530899177935686,0.0011595699030004234,0.0048126598207939922
6.8300000000000001,0.0037314524963711743,-0.0080593785295569233,-0.0043279260331857486
6.8399999999999999,0.0041197366907706669,0.0054783198031994988,0.0095980564939701658
6.8500000000000005,0.0039312839006930486,0.00081300286920184619,0.0047442867698948947
6.8600000000000003,0.0037763893248191397,0.0064903379029378361,0.010266727227756976
6.8700000000000001,0.003677157437081214,0.0033191595170427263,0.0069963169541239403
6.8799999999999999,0.0038448360899540133,0.005896768236949736,0.0097416043269037498
6.8900000000000006,0.0039379331450189433,-0.0087464797192381635,-0.0048085465742192203
6.9000000000000004,0.0039173407458508586,-0.0038164893619385513,0.00010085138391230722
6.9100000000000001,0.0038458153980633386,-0.0011970844243738951,0.0026487309736894435
6.9199999999999999,0.0036754271753930735,-0.0015722951373250145,0.0021031320380680589
6.9299999999999997,0.0035670911774194924,0.0024288393219548026,0.0059959304993742954
6.9400000000000004,0.0037439602246261117,-0.0021752183304131843,0.0015687418942129275
6.9500000000000002,0.0040333155226612684,0.0043484745644818109,0.0083817900871430793
6.96,0.0041141710890382913,-0.0044371415883024349,-0.0003229704992641436
6.9699999999999998,0.0042479691645107747,0.0013058659447154179,0.0055538351092261923
6.9800000000000004,0.0040390469146495342,0.00097679676805188516,0.0050158436827014196
6.9900000000000002,0.0041915592584317969,0.0087144454989133268,0.012906004757345123
7,0.0041995264359391202,0.007539253279537631,0.011738779715476752
7.0099999999999998,0.0038414304592777311,0.00031738409905395214,0.0041588145583316832
7.0200000000000005,0.0035524971105087844,0.00093754489921133008,0.0044900420097201141
7.0300000000000002,0.0033522811117189669,0.0021049685123681623,0.0054572496240871292
7.04,0.0031198920321906416,0.0039611472700294839,0.0070810393022201256
7.0499999999999998,0.002738245317651474,0.0059192414183878769,0.00865748673603935
7.0600000000000005,0.003075126230110743,0.00090926578697147684,0.00398439201708222
7.0700000000000003,0.0028490307044048693,-0.0089772501922762583,-0.006128219487871389
7.0800000000000001,0.0028946253821257816,-0.0055638481709367254,-0.0026692227888109438
7.0899999999999999,0.0029442741968228022,-0.0022167726587290285,0.00072750153809377372
7.1000000000000005,0.0027851106053451676,0.0035577213049105979,0.006342831910255765
7.1100000000000003,0.0025608865480348684,-0.0031802074844523988,-0.00061932093641753035
7.1200000000000001,0.0024156461695064874,0.0005020196600197675,0.0029176658295262548
7.1299999999999999,0.0019683542524967517,-0.0022739734030207829,-0.0003056191505240312
7.1400000000000006,0.001688189460959937,-0.00092803699530297212,0.00076015246565696486
7.1500000000000004,0.001704812748529659,-0.0034119948008131599,-0.0017071820522835009
7.1600000000000001,0.0013942834150026721,0.0092571561013279433,0.010651439516330616
7.1699999999999999,0.0012419474321498892,-0.001496567197248789,-0.0002546197650988998
7.1799999999999997,0.0010625979295883943,0.0060278695437431468,0.0070904674733315411
7.1900000000000004,0.0010045705117013297,-0.0039971808156820257,-0.0029926103039806962
7.2000000000000002,0.00077286848138648201,-0.0017886084219753387,-0.0010157399405888567
7.21,0.00074025645586132732,-0.0045184934652227433,-0.003778237009361416
7.2199999999999998,0.0010589992324833923,0.0021385890628223339,0.0031975882953057264
7.2300000000000004,0.00095394240884125745,-0.0042532665258980789,-0.0032993241170568214
7.2400000000000002,0.0010104929869707059,-0.0077087638571812084,-0.0066982708702105027
7.25,0.0011820014302943676,-0.0043127534622829714,-0.0031307520319886037
7.2599999999999998,0.0012274964717148595,0.0023729916302367834,0.0036004881019516431
7.2700000000000005,0.0015840992966861299,0.0069545755873282496,0.0085386748840143786
7.2800000000000002,0.0016510267449105585,0.0028787338863454997,0.0045297606312560586
7.29,0.0017438759936627547,0.0028742991522378736,0.0046181751459006288
7.2999999999999998,0.0018256762537951189,0.0047142829509986689,0.0065399592047937875
7.3100000000000005,0.0014668516545159396,-0.0014860146299619634,-1.9162975446023736e-05
7.3200000000000003,0.0016247733685955813,-0.0014689957783768698,0.00015577759021871153
7.3300000000000001,0.0021162143879500535,0.0014466919462377064,0.0035629063341877602
7.3399999999999999,0.0018981274434456069,0.0016230453318058901,0.003521172775251497
7.3500000000000005,0.0018339093189641991,-0.00073073349370548308,0.001103175825258716
7.3600000000000003,0.0016178841692271464,-0.0052394279215513279,-0.0036215437523241818
7.3700000000000001,0.001532575633819643,0.0014336288053393253,0.0029662044391589684
7.3799999999999999,0.0014013516235683863,-0.0055452154155114725,-0.004143863791943086
7.3900000000000006,0.0013634538458325582,0.0025743611634187293,0.003937815009251288
7.4000000000000004,0.0017045210457896287,0.00075313718518771149,0.0024576582309773403
7.4100000000000001,0.001664964471037849,-0.0038805030142234119,-0.0022155385431855629
7.4199999999999999,0.0016485086104848447,-0.001783811405851496,-0.00013530279536665135
7.4299999999999997,0.0018342961700049841,-0.00092028627606478169,0.00091400989394020238
7.4400000000000004,0.0017867437496703891,-4.1856942778325318e-05,0.0017448868068920638
7.4500000000000002,0.0016841485675388914,-0.0013167840650248738,0.00036736450251401761
7.46,0.0012891836936727338,-0.003462394107763223,-0.0021732104140904894
7.4699999999999998,0.0013807403331787199,0.0003701381930431791,0.0017508785262218989
7.4800000000000004,0.0013332394047370064,0.001509860304282991,0.0028430997090199972
7.4900000000000002,0.0013056408638218986,0.00030395289886921405,0.0016095937626911126
7.5,0.0014281155093363361,-0.0021413157741187109,-0.00071320026478237483
7.5099999999999998,0.0011905477503199064,-0.0009752188296948286,0.00021532892062507778
7.5200000000000005,0.0012925272717857644,-0.00082902353194270421,0.00046350373984306017
7.5300000000000002,0.0015528375934249375,-0.0033908889238549742,-0.0018380513304300367
7.54,0.0015624680156983482,-0.0015581592554407696,4.308760257578639e-06
7.5499999999999998,0.0017893625788696715,-0.0043580913365672633,-0.0025687287576975919
7.5600000000000005,0.0020667243797085769,-0.0015494602358050577,0.00051726414390351923
7.5700000000000003,0.0019108372064774123,-0.00029753238083304304,0.0016133048256443691
7.5800000000000001,0.0020103726356582095,0.0014076694124670961,0.0034180420481253054
7.5899999999999999,0.0020585003401422091,0.0085443599933807072,0.010602860333522916
7.6000000000000005,0.0020428074999650631,0.0022071690339765838,0.0042499765339416469
7.6100000000000003,0.0020515216513271625,0.004094691453613194,0.0061462131049403561
7.6200000000000001,0.0021682390096712254,0.0071140149322225215,0.0092822539418937478
7.6299999999999999,0.0019406994517557736,0.0035507223018315429,0.0054914217535873165
7.6400000000000006,0.0020674303501854395,-0.0048408585041718353,-0.0027734281539863958
7.6500000000000004,0.0022217211540059602,-0.0022713179720975918,-4.9596818091631606e-05
7.6600000000000001,0.002048050311951113,0.0012063284327559882,0.0032543787447071012
7.6699999999999999,0.001953058165131676,-8.7154362437635052e-05,0.0018659038026940409
7.6799999999999997,0.0022260098409542699,-0.0030306807056903677,-0.00080467086473609778
7.6900000000000004,0.0025647979290031285,0.0029119662155464503,0.0054767641445495792
7.7000000000000002,0.0029338833837641845,-0.0014268445649075717,0.0015070388188566128
7.71,0.0025585617654312908,-0.00073100396088246066,0.0018275578045488302
7.7199999999999998,0.0026431106870914486,0.0026738841030291478,0.0053169947901205959
7.7300000000000004,0.002956097011240858,-0.0011590842603335957,0.0017970127509072623
7.7400000000000002,0.0030400886886499273,-0.0020955915761936227,0.00094449711245630456
7.75,0.0028258620769589862,-0.001684760414348869,0.0011411016626101172
7.7599999999999998,0.0027514547935914534,-2.0751504706120706e-05,0.0027307032888853324
7.7700000000000005,0.0025923095053151817,-0.0020837418355505082,0.00050856766976467354
7.7800000000000002,0.002609005260602466,0.0025425880390348423,0.0051515932996373083
7.79,0.0023377644829438941,-0.0050632689003674578,-0.0027255044174235637
7.7999999999999998,0.0030429725003234529,-0.0051975330508380203,-0.0021545605505145673
7.8100000000000005,0.0033067706502351774,-0.0020360247899137308,0.0012707458603214467
7.8200000000000003,0.0032693919267623339,-0.0042065225374464561,-0.00093713061068412219
7.8300000000000001,0.0032761846825432143,-0.0008876004076076809,0.0023885842749355336
7.8399999999999999,0.0028279077442851736,-0.0057878882208794802,-0.0029599804765943066
7.8500000000000005,0.0026705347699414609,-0.0013801072217729173,0.0012904275481685436
7.8600000000000003,0.0030081101874036313,-0.0099069901875735392,-0.006898880000169908
7.8700000000000001,0.0027235158337712614,-0.00032128505066911055,0.0024022307831021508
7.8799999999999999,0.0026913382530128617,-0.0012165345593270346,0.0014748036936858271
7.8900000000000006,0.0027528898120587975,-0.00060105121767377973,0.0021518385943850179
7.9000000000000004,0.0027971042594773241,-0.0037004315467467925,-0.00090332728726946841
7.9100000000000001,0.0026654547221620041,0.0021137821120335437,0.0047792368341955478
7.9199999999999999,0.0026694670786711252,0.00033529160415901951,0.0030047586828301446
7.9300000000000006,0.0025608532824370591,-0.00051861689895969136,0.0020422363834773677
7.9400000000000004,0.0023374950311537733,0.0015047612235264457,0.0038422562546802192
7.9500000000000002,0.0021702409818605143,0.0074606583094420356,0.0096308992913025498
7.96,0.002182611256571724,0.0035380428705459,0.0057206541271176241
7.9699999999999998,0.0021196903151998858,0.0043718251776556534,0.0064915154928555392
7.9800000000000004,0.0021629169147267969,0.00035359086381621651,0.0025165077785430133
7.9900000000000002,0.0021874777784141393,0.0039791002098418793,0.0061665779882560182
8,0.0021847316025039414,-0.0024477880813582953,-0.00026305647885435397
8.0099999999999998,0.00199901632488744,-0.0045801069095563474,-0.0025810905846689073
8.0199999999999996,0.0019032749276581926,-0.001855157701664023,4.811722599416964e-05
8.0299999999999994,0.001620381246383797,0.0024444109783969205,0.0040647922247807177
8.0400000000000009,0.0015413201428183061,-0.0031718200791666868,-0.0016304999363483807
8.0500000000000007,0.0013356540169256706,0.0047887533951196451,0.0061244074120453155
8.0600000000000005,0.0014907721983587728,-0.0032950884984567991,-0.0018043163000980263
8.0700000000000003,0.0014445874887345409,0.006431655543121426,0.0078762430318559673
8.0800000000000001,0.00135935653718261,-0.0028328297692285331,-0.0014734732320459232
8.0899999999999999,0.0012064551117213381,0.0032462895839966304,0.0044527446957179683
8.0999999999999996,0.00096472636186327378,0.0078106817666430814,0.008775408128506355
8.1099999999999994,0.00079923586774035464,-0.0021690080988289997,-0.0013697722310886452
8.120000000000001,0.00086153740940760461,-0.0056439492428632604,-0.0047824118334556555
8.1300000000000008,0.00069211896517697657,-0.0023329176735906519,-0.0016407987084136753
8.1400000000000006,0.00052676238039578644,-0.0039276978314209138,-0.0034009354510251273
8.1500000000000004,0.00066388505212172406,-0.0043548259844284577,-0.0036909409323067337
8.1600000000000001,0.00064525335591936856,0.0029172116781706323,0.0035624650340900007
8.1699999999999999,0.00087706754424217513,-0.0019699789254554465,-0.0010929113812132712
8.1799999999999997,0.00080274280825727573,-0.00011849931780234757,0.00068424349045492815
8.1899999999999995,0.00067884955102543256,-0.0056667454012089332,-0.0049878958501835009
8.1999999999999993,0.00067264829810221292,0.0062370446810209893,0.0069096929791232021
8.2100000000000009,0.0003863127060137449,-0.0014963163891761795,-0.0011100036831624346
8.2200000000000006,0.0003039006166340411,0.00092998815470622513,0.0012338887713402662
8.2300000000000004,0.00059847598568714497,0.0095259098424084181,0.010124385828095564
8.2400000000000002,0.00059724770777468171,0.0022457788355894808,0.0028430265433641625
8.25,0.00075336621979679047,0.0067616794616726476,0.0075150456814694379
8.2599999999999998,0.00095251645738079474,-0.0042317440815034905,-0.0032792276241226958
8.2699999999999996,0.0011687303020482163,-0.0019201204553148227,-0.00075139015326660644
8.2799999999999994,0.00075860195559171526,-0.0031661267871700939,-0.0024075248315783785
8.2900000000000009,0.00097770531701607088,0.0032552944280604791,0.0042329997450765502
8.3000000000000007,0.0010384792649986902,-0.0034469372922874219,-0.0024084580272887316
8.3100000000000005,0.0006528245283806734,-0.00128014284735011,-0.00062731831896943656
8.3200000000000003,0.00070067995342221363,0.0013619972107595084,0.0020626771641817218
8.3300000000000001,0.00044195596429154598,-0.00310030099394464,-0.0026583450296530941
8.3399999999999999,0.00046514180931825436,0.0022942472687323056,0.0027593890780505601
8.3499999999999996,0.00026132301480041208,0.0024376283895208681,0.0026989514043212802
8.3599999999999994,0.00011975493316193105,0.00043248729307346627,0.00055224222623539727
8.370000000000001,-8.9814577106495612e-05,-0.013254663081219531,-0.013344477658326026
8.3800000000000008,-2.2376250118333885e-05,0.0013789168609272776,0.0013565406108089436
8.3900000000000006,-5.665777437163309e-06,-0.0031206490173588432,-0.0031263147947960066
8.4000000000000004,-0.00032228688321815668,-0.0058485115021171897,-0.006170798385335346
8.4100000000000001,-0.00040520727872914598,0.0055159520416591173,0.0051107447629299713
8.4199999999999999,-0.00043262700584003661,-0.0015864356406928494,-0.0020190626465328861
8.4299999999999997,-0.00046701453086608386,-0.0012304771379901753,-0.0016974916688562592
8.4399999999999995,-0.00053067877657521129,0.00027206979415220152,-0.00025860898242300977
8.4499999999999993,-0.00052236013729495853,0.0075262314171749096,0.0070038712798799509
8.4600000000000009,-0.00076007527573551897,0.00086759306089236358,0.0001075177851568446
8.4700000000000006,-0.0004675550768938314,0.0019677376261202665,0.0015001825492264352
8.4800000000000004,-0.00053794661652614803,0.0013984227732477547,0.00086047615672160671
8.4900000000000002,-0.00073373469605562741,0.0003491123793738263,-0.00038462231668180111
8.5,-0.00072930091167938737,-0.0047011516492811772,-0.005430452560960565
8.5099999999999998,-0.0005638402390226306,0.0027425034556030569,0.0021786632165804263
8.5199999999999996,-0.00058912682116361089,-0.0018585473743352144,-0.0024476741954988254
8.5299999999999994,-0.00048123335427046905,-0.0052112230343164742,-0.0056924563885869433
8.5400000000000009,-0.00056514752637479358,-0.0023057172411590004,-0.0028708647675337942
8.5500000000000007,-0.00091225919389281533,0.0028590312041035328,0.0019467720102107175
8.5600000000000005,-0.0011143488999602433,0.0031214056365944697,0.0020070567366342264
8.5700000000000003,-0.0010894811627249121,0.0034695614456028631,0.0023800802828779508
8.5800000000000001,-0.0012234712524298549,0.0037609458639505794,0.0025374746115207243
8.5899999999999999,-0.001295545032960709,-0.0051536483407880005,-0.0064491933737487097
8.5999999999999996,-0.0015751382769178146,0.000264623438958072,-0.0013105148379597426
8.6099999999999994,-0.0015316913848785832,-0.0031043419199217478,-0.0046360333048003311
8.620000000000001,-0.0017375686968430296,0.00083284321738767047,-0.00090472547945535909
8.6300000000000008,-0.0011712504517365052,0.0012115608265422786,4.0310374805773439e-05
8.6400000000000006,-0.00098714117127048561,0.0035284578949166712,0.0025413167236461856
8.6500000000000004,-0.0010326554392720065,0.00066950545009217038,-0.00036314998917983613
8.6600000000000001,-0.0010746261539040169,-0.00035230825278160523,-0.0014269344066856222
8.6699999999999999,-0.0010777973986893219,0.0039965524700209193,0.0029187550713315972
8.6799999999999997,-0.0010851718867236687,0.00096659778413279909,-0.00011857410259086959
8.6899999999999995,-0.00083437666888840848,0.0039452187723105665,0.0031108421034221579
8.7000000000000011,-0.00073820065329066511,-0.0089111930864596463,-0.0096493937397503123
8.7100000000000009,-0.00078173560284131016,0.00035620801421604279,-0.00042552758862526738
8.7200000000000006,-0.00063151382411728288,-0.0030368010930250321,-0.003668314917142315
8.7300000000000004,-0.00068953588973189235,0.010796398558132712,0.01010686266840082
8.7400000000000002,-0.00074835996372209961,0.0033496646201919993,0.0026013046564698997
8.75,-0.00063822280085579621,0.0010675389781142567,0.00042931617725846052
8.7599999999999998,-0.00061321593365303343,0.0016981161432740991,0.0010849002096210657
8.7699999999999996,-0.0010538389804269968,0.005216001561817331,0.0041621625813903339
8.7799999999999994,-0.0008327700449586859,0.0007833408490337232,-4.94291959249627e-05
8.7900000000000009,-0.00039266797497942264,0.0062442981626888881,0.0058516301877094652
8.8000000000000007,-0.00051026618893929834,0.001901898952687629,0.0013916327637483307
8.8100000000000005,-0.00110183021789827,0.0047749212286727055,0.0036730910107744355
8.8200000000000003,-0.00076997592234462342,-0.0042951584767369011,-0.0050651343990815246
8.8300000000000001,-0.0006992437391962487,0.004224056950285264,0.0035248132110890151
8.8399999999999999,-0.0012965268648267698,-0.0030457263250230106,-0.0043422531898497808
8.8499999999999996,-0.0008474589306744128,0.0015533079312495235,0.00070584900057511074
8.8599999999999994,-0.00093230798934766472,-0.00085571208270831807,-0.0017880200720559827
8.870000000000001,-0.00090658730602776621,0.0024159428178485661,0.0015093555118207999
8.8800000000000008,-0.00077305330438819781,-0.0016351939730773718,-0.0024082472774655697
8.8900000000000006,-0.0010888222661287186,-0.0062091826277020602,-0.0072980048938307788
8.9000000000000004,-0.0012267430948944692,6.4743211838350816e-05,-0.0011619998830561184
8.9100000000000001,-0.0010647729979606964,0.0014420567235033923,0.00037728372554269598
8.9199999999999999,-0.0010693886604415694,-0.0036484464000074305,-0.0047178350604490001
8.9299999999999997,-0.0011185867233285364,0.0053119466423139734,0.004193359918985437
8.9399999999999995,-0.0014656912754005161,0.00050032671935185266,-0.00096536455604866341
8.9500000000000011,-0.0013473807351088436,0.0037825347074446221,0.0024351539723357785
8.9600000000000009,-0.00080531880630329775,0.0023994810304506227,0.0015941622241473249
8.9700000000000006,-0.0008154823451927551,-0.00045880036464577591,-0.0012742827098385311
8.9800000000000004,-0.00087763583868182113,-0.00065070106960875426,-0.0015283369082905755
8.9900000000000002,-0.00043403418284777585,-0.0043175270437600579,-0.0047515612266078337
9,-0.0007742813596120716,-0.0046895723470385094,-0.0054638537066505812
9.0099999999999998,-0.00085665986184750272,0.00098488008108386124,0.00012822021923635852
9.0199999999999996,-0.0011286932038813671,-0.00047276826397529977,-0.0016014614678566668
9.0299999999999994,-0.0013593985942839813,-0.0039632496375992471,-0.0053226482318832289
9.0400000000000009,-0.0015366790591655678,0.0015716591722295362,3.4980113063968338e-05
9.0500000000000007,-0.0012351809378377708,-0.0012304414504169226,-0.0024656223882546934
9.0600000000000005,-0.0015728663862354018,-0.0053303166046992766,-0.0069031829909346788
9.0700000000000003,-0.0015176356389407098,-0.0032656560917743421,-0.0047832917307150521
9.0800000000000001,-0.0013768437691876686,-0.0035533265486714502,-0.0049301703178591186
9.0899999999999999,-0.0017172631942938567,0.0019891900898281068,0.00027192689553425008
9.0999999999999996,-0.0016168903149863358,-0.00082585822048404655,-0.0024427485354703822
9.1099999999999994,-0.001827570961794473,0.0069293068788617252,0.0051017359170672525
9.120000000000001,-0.001274613958929896,-0.0006444861659119271,-0.001919100124841823
9.1300000000000008,-0.0013958112775689607,-0.0030148356001858008,-0.0044106468777547619
9.1400000000000006,-0.0012387101039811298,-0.0026558238150793789,-0.0038945339190605086
9.1500000000000004,-0.0012950514567599061,0.005765631868957022,0.0044705804121971159
9.1600000000000001,-0.0014560850069907259,-0.002463313833718248,-0.0039193988407089739
9.1699999999999999,-0.0013187881768212534,-0.0043285338108472902,-0.0056473219876685436
9.1799999999999997,-0.0015549504808335664,-0.0007283480312092487,-0.0022832985120428148
9.1899999999999995,-0.0015534798224664903,-0.0011406058864120389,-0.0026940857088785294
9.2000000000000011,-0.0013767120199147422,0.0020904373345858661,0.00071372531467112392
9.2100000000000009,-0.0014502471619051382,-0.0068361667443151228,-0.0082864139062202614
9.2200000000000006,-0.0016615294963590571,-0.0045178524419182443,-0.0061793819382773016
9.2300000000000004,-0.0017668013234676853,0.00047182152632536722,-0.001294979797142318
9.2400000000000002,-0.0021126683356770988,-0.0035802857998448374,-0.0056929541355219358
9.25,-0.0020521458057402363,-0.0070989582053173281,-0.0091511040110575648
9.2599999999999998,-0.0020494364933019249,-0.0075081171518394879,-0.0095575536451414124
9.2699999999999996,-0.0021959432400268271,-0.003286902552129445,-0.0054828457921562721
9.2799999999999994,-0.0020644249298752706,0.0023295303387489211,0.0002651054088736505
9.2900000000000009,-0.0018120546530409477,-0.0026069926733274162,-0.0044190473263683635
9.3000000000000007,-0.0018788466416801051,-0.0026262532544083042,-0.0045050998960884095
9.3100000000000005,-0.0016508861765404986,-0.0030335889539725111,-0.0046844751305130097
9.3200000000000003,-0.0017095209068872239,0.0093375680088256321,0.007628047101938408
9.3300000000000001,-0.0016345426712696726,0.0039233479163454325,0.0022888052450757597
9.3399999999999999,-0.0016572766558121317,-0.004077715439381957,-0.0057349920951940882
9.3499999999999996,-0.0015573759574655328,0.0069108123696985258,0.005353436412232993
9.3599999999999994,-0.0015016001365470502,0.00058377490252618206,-0.00091782523402086816
9.370000000000001,-0.0014153505537404022,8.6489299202440565e-05,-0.0013288612545379616
9.3800000000000008,-0.0014717802376718119,0.0056008760887416324,0.0041290958510698207
9.3900000000000006,-0.0014525099540023589,-0.00093102170103783832,-0.0023835316550401974
9.4000000000000004,-0.0014012977294800269,0.0016947629563436064,0.00029346522686357949
9.4100000000000001,-0.0015779477615675947,-0.0051534517487273786,-0.0067313995102949737
9.4199999999999999,-0.0017431646014934216,-0.0037730935983937516,-0.0055162581998871732
9.4299999999999997,-0.0017756783640004231,0.0012737749914985008,-0.00050190337250192226
9.4399999999999995,-0.001525182232480224,0.0017825367674687946,0.00025735453498857059
9.4500000000000011,-0.0010728014436228895,0.0067484664819516017,0.0056756650383287125
9.4600000000000009,-0.0010872894962667854,0.0055381284035887421,0.0044508389073219566
9.4700000000000006,-0.00084983621265091768,0.0018247100210808593,0.0009748738084299416
9.4800000000000004,-0.00086665273253211785,0.000737010298712102,-0.00012964243382001584
9.4900000000000002,-0.00085094557840132692,0.0091911919031685777,0.0083402463247672504
9.5,-0.00094657780995008713,-0.0041996799188781103,-0.005146257728828197
9.5099999999999998,-0.00092941049686149236,0.0020326569990200077,0.0011032465021585153
9.5199999999999996,-0.0010876956677252122,0.0034958397026376054,0.0024081440349123934
9.5299999999999994,-0.00087203429067417434,-0.0019833683514056065,-0.0028554026420797808
9.5400000000000009,-0.0010882568276298224,-0.001377921848942362,-0.0024661786765721844
9.5500000000000007,-0.00089642486486170823,-0.0042160987625444795,-0.0051125236274061877
9.5600000000000005,-0.0007315095974555479,-0.00085638046288088782,-0.0015878900603364357
9.5700000000000003,-0.00076047416467232994,-0.0044588307771018919,-0.0052193049417742221
9.5800000000000001,-0.00074573326120889842,-6.8804161138384985e-05,-0.00081453742234728339
9.5899999999999999,-0.00036992254831358471,-0.0080622536448126912,-0.0084321761931262767
9.5999999999999996,-0.00047830235251137697,-0.0015419523023859944,-0.0020202546548973715
9.6099999999999994,-0.00058834893474116591,-0.005652692848852797,-0.0062410417835939633
9.620000000000001,-0.0004672153454840758,-0.0024958591010109574,-0.0029630744464950332
9.6300000000000008,-0.00081287910319726049,0.0070328488761669302,0.0062199697729696697
9.6400000000000006,-0.0011339739893513944,-0.00092204640725784262,-0.0020560203966092372
9.6500000000000004,-0.0014068380797679265,0.0006405801104258298,-0.00076625796934209672
9.6600000000000001,-0.0012523550254217226,0.0055916107901579004,0.0043392557647361774
9.6699999999999999,-0.0016509066818973382,0.0071884892575795681,0.0055375825756822303
9.6799999999999997,-0.0022421849503923724,-0.00034558530216949172,-0.0025877702525618643
9.6899999999999995,-0.0017833818561862054,0.0048064361436114533,0.0030230542874252479
9.7000000000000011,-0.0022299724463658724,-0.0041030057486027812,-0.0063329781949686536
9.7100000000000009,-0.0021973669350915759,-0.0024329808987284532,-0.0046303478338200286
9.7200000000000006,-0.002064332780807364,-0.0039847097838886679,-0.0060490425646960323
9.7300000000000004,-0.0017924847452191071,-0.0044900595868794177,-0.006282544332098525
9.7400000000000002,-0.002008087548199782,-0.0017235379912882971,-0.0037316255394880789
9.75,-0.001802842927700688,0.0017031612240997348,-9.9681703600953226e-05
9.7599999999999998,-0.0018701966997279986,-0.003572202321055977,-0.0054423990207839758
9.7699999999999996,-0.0019506677667879713,-0.0067206308071592145,-0.0086712985739471858
9.7799999999999994,-0.0021557004930571198,0.0021064719283110747,-4.9228564746045186e-05
9.7900000000000009,-0.0021640395019547252,0.0011126557122169488,-0.0010513837897377764
9.8000000000000007,-0.0018534816040698975,0.0017032932766317341,-0.00015018832743816349
9.8100000000000005,-0.0016932947472249652,0.0022212161185984317,0.00052792137137346647
9.8200000000000003,-0.0017796534250779971,0.0028044880039048087,0.0010248345788268116
9.8300000000000001,-0.0016457923988924714,-0.00057547127230039255,-0.0022212636711928641
9.8399999999999999,-0.001833304941128165,-0.0040009655685027618,-0.0058342705096309268
9.8499999999999996,-0.0019627962498482807,-0.00084106824862892153,-0.0028038644984772023
9.8599999999999994,-0.0020777344488702356,-0.0083466637144503676,-0.010424398163320603
9.870000000000001,-0.0021625718879378216,0.012307394919898091,0.010144823031960268
9.8800000000000008,-0.0018605809463110698,-0.0020600169229893902,-0.0039205978693004602
9.8900000000000006,-0.0015214009877573332,-9.1257499148300137e-05,-0.0016126584869056333
9.9000000000000004,-0.0016301509654504116,-0.0049553582160145517,-0.0065855091814649635
9.9100000000000001,-0.0016955841447838091,0.0062509766167354779,0.0045553924719516688
9.9199999999999999,-0.0017555357100145455,-0.0020220558679653628,-0.0037775915779799081
9.9299999999999997,-0.001897680790519026,0.00031604213737995913,-0.0015816386531390669
9.9399999999999995,-0.0019626249493675833,0.0045344526678560331,0.0025718277184884498
9.9500000000000011,-0.0017131331450786656,0.0024482744364535507,0.00073514129137488508
9.9600000000000009,-0.0017463164464755715,0.00064626245486489205,-0.0011000539916106796
9.9700000000000006,-0.0018965521119894229,-0.0026259492176985109,-0.004522501329687934
9.9800000000000004,-0.001740304692169189,-0.00089840834765847596,-0.002638713039827665
9.9900000000000002,-0.0017403035846272022,-0.0017506963560451967,-0.0034909999406723992
10,-0.0017336240978348852,0.0019775502329462519,0.00024392613511136675
