beams,x,y
90,-10.000000,-8.000000
90,-10.000000,-8.139854
90,-10.000000,-8.281082
90,-10.000000,-8.425113
90,-10.000000,-8.573491
90,-10.000000,-8.727940
90,-10.000000,-8.890457
90,-10.000000,-9.063419
90,-10.000000,-9.249739
90,-10.000000,-9.453085
90,-10.000000,-9.678199
90,-10.000000,-9.931377
90,-9.800808,-10.000000
90,-9.562571,-10.000000
90,-9.349017,-10.000000
90,-9.154701,-10.000000
90,-8.975465,-10.000000
90,-8.808052,-10.000000
90,-8.649839,-10.000000
90,-8.498656,-10.000000
90,-8.352654,-10.000000
90,-8.210208,-10.000000
90,-8.069842,-10.000000
90,-7.930158,-10.000000
90,-7.789792,-10.000000
90,-7.647346,-10.000000
90,-7.501344,-10.000000
90,-7.350161,-10.000000
90,-7.191948,-10.000000
90,-7.024535,-10.000000
90,-6.845299,-10.000000
90,-6.650983,-10.000000
90,-6.437429,-10.000000
90,-6.199192,-10.000000
90,-5.928939,-10.000000
90,-5.616493,-10.000000
90,-5.247236,-10.000000
90,-4.799331,-10.000000
90,-4.238547,-10.000000
90,-3.507926,-10.000000
90,-2.505045,-10.000000
90,-1.025171,-10.000000
90,1.409260,-10.000000
90,1.215515,-9.295156
90,1.236049,-8.645847
90,-1.505472,-8.000000
90,-1.809752,-7.567136
90,-3.254995,-7.333133
90,-3.657262,-7.076923
90,-3.797468,-6.794943
90,-3.806575,-6.473718
90,-3.459827,-5.978585
90,-4.904757,-5.010958
90,-7.093302,-2.857857
90,-7.457197,-2.835574
90,-7.819716,-2.837334
90,-10.000000,0.021562
90,-10.000000,-1.844633
90,-10.000000,-3.049826
90,-10.000000,-3.899392
90,-10.000000,-4.535898
90,-10.000000,-5.034878
90,-10.000000,-5.440117
90,-10.000000,-5.778775
90,-10.000000,-6.068623
90,-10.000000,-6.321801
90,-10.000000,-6.546915
90,-10.000000,-6.750261
90,-10.000000,-6.936581
90,-10.000000,-7.109543
90,-10.000000,-7.272060
90,-10.000000,-7.426509
90,-10.000000,-7.574887
90,-10.000000,-7.718918
90,-10.000000,-7.860146
360,-10.000000,-8.000000
360,-10.000000,-8.034910
360,-10.000000,-8.069842
360,-10.000000,-8.104816
360,-10.000000,-8.139854
360,-10.000000,-8.174977
360,-10.000000,-8.210208
360,-10.000000,-8.245569
360,-10.000000,-8.281082
360,-10.000000,-8.316769
360,-10.000000,-8.352654
360,-10.000000,-8.388761
360,-10.000000,-8.425113
360,-10.000000,-8.461736
360,-10.000000,-8.498656
360,-10.000000,-8.535898
360,-10.000000,-8.573491
360,-10.000000,-8.611461
360,-10.000000,-8.649839
360,-10.000000,-8.688655
360,-10.000000,-8.727940
360,-10.000000,-8.767728
360,-10.000000,-8.808052
360,-10.000000,-8.848950
360,-10.000000,-8.890457
360,-10.000000,-8.932615
360,-10.000000,-8.975465
360,-10.000000,-9.019051
360,-10.000000,-9.063419
360,-10.000000,-9.108618
360,-10.000000,-9.154701
360,-10.000000,-9.201721
360,-10.000000,-9.249739
360,-10.000000,-9.298815
360,-10.000000,-9.349017
360,-10.000000,-9.400415
360,-10.000000,-9.453085
360,-10.000000,-9.507108
360,-10.000000,-9.562571
360,-10.000000,-9.619568
360,-10.000000,-9.678199
360,-10.000000,-9.738574
360,-10.000000,-9.800808
360,-10.000000,-9.865030
360,-10.000000,-9.931377
360,-10.000000,-10.000000
360,-9.931377,-10.000000
360,-9.865030,-10.000000
360,-9.800808,-10.000000
360,-9.738574,-10.000000
360,-9.678199,-10.000000
360,-9.619568,-10.000000
360,-9.562571,-10.000000
360,-9.507108,-10.000000
360,-9.453085,-10.000000
360,-9.400415,-10.000000
360,-9.349017,-10.000000
360,-9.298815,-10.000000
360,-9.249739,-10.000000
360,-9.201721,-10.000000
360,-9.154701,-10.000000
360,-9.108618,-10.000000
360,-9.063419,-10.000000
360,-9.019051,-10.000000
360,-8.975465,-10.000000
360,-8.932615,-10.000000
360,-8.890457,-10.000000
360,-8.848950,-10.000000
360,-8.808052,-10.000000
360,-8.767728,-10.000000
360,-8.727940,-10.000000
360,-8.688655,-10.000000
360,-8.649839,-10.000000
360,-8.611461,-10.000000
360,-8.573491,-10.000000
360,-8.535898,-10.000000
360,-8.498656,-10.000000
360,-8.461736,-10.000000
360,-8.425113,-10.000000
360,-8.388761,-10.000000
360,-8.352654,-10.000000
360,-8.316769,-10.000000
360,-8.281082,-10.000000
360,-8.245569,-10.000000
360,-8.210208,-10.000000
360,-8.174977,-10.000000
360,-8.139854,-10.000000
360,-8.104816,-10.000000
360,-8.069842,-10.000000
360,-8.034910,-10.000000
360,-8.000000,-10.000000
360,-7.965090,-10.000000
360,-7.930158,-10.000000
360,-7.895184,-10.000000
360,-7.860146,-10.000000
360,-7.825023,-10.000000
360,-7.789792,-10.000000
360,-7.754431,-10.000000
360,-7.718918,-10.000000
360,-7.683231,-10.000000
360,-7.647346,-10.000000
360,-7.611239,-10.000000
360,-7.574887,-10.000000
360,-7.538264,-10.000000
360,-7.501344,-10.000000
360,-7.464102,-10.000000
360,-7.426509,-10.000000
360,-7.388539,-10.000000
360,-7.350161,-10.000000
360,-7.311345,-10.000000
360,-7.272060,-10.000000
360,-7.232272,-10.000000
360,-7.191948,-10.000000
360,-7.151050,-10.000000
360,-7.109543,-10.000000
360,-7.067385,-10.000000
360,-7.024535,-10.000000
360,-6.980949,-10.000000
360,-6.936581,-10.000000
360,-6.891382,-10.000000
360,-6.845299,-10.000000
360,-6.798279,-10.000000
360,-6.750261,-10.000000
360,-6.701185,-10.000000
360,-6.650983,-10.000000
360,-6.599585,-10.000000
360,-6.546915,-10.000000
360,-6.492892,-10.000000
360,-6.437429,-10.000000
360,-6.380432,-10.000000
360,-6.321801,-10.000000
360,-6.261426,-10.000000
360,-6.199192,-10.000000
360,-6.134970,-10.000000
360,-6.068623,-10.000000
360,-6.000000,-10.000000
360,-5.928939,-10.000000
360,-5.855263,-10.000000
360,-5.778775,-10.000000
360,-5.699263,-10.000000
360,-5.616493,-10.000000
360,-5.530206,-10.000000
360,-5.440117,-10.000000
360,-5.345910,-10.000000
360,-5.247236,-10.000000
360,-5.143704,-10.000000
360,-5.034878,-10.000000
360,-4.920270,-10.000000
360,-4.799331,-10.000000
360,-4.671441,-10.000000
360,-4.535898,-10.000000
360,-4.391905,-10.000000
360,-4.238547,-10.000000
360,-4.074779,-10.000000
360,-3.899392,-10.000000
360,-3.710986,-10.000000
360,-3.507926,-10.000000
360,-3.288295,-10.000000
360,-3.049826,-10.000000
360,-2.789822,-10.000000
360,-2.505045,-10.000000
360,-2.191578,-10.000000
360,-1.844633,-10.000000
360,-1.458295,-10.000000
360,-1.025171,-10.000000
360,-0.535898,-10.000000
360,0.021562,-10.000000
360,0.662952,-10.000000
360,1.409260,-10.000000
360,1.482079,-9.671946
360,1.304669,-9.473715
360,1.215515,-9.295156
360,1.172566,-9.126249
360,1.163468,-8.963119
360,1.184319,-8.803524
360,1.236049,-8.645847
360,1.325066,-8.488706
360,1.469804,-8.330693
360,-1.292161,-8.117086
360,-1.505472,-8.000000
360,-1.627132,-7.888761
360,-1.710240,-7.780357
360,-1.769074,-7.673451
360,-1.809752,-7.567136
360,-1.835257,-7.460655
360,-1.846916,-7.353285
360,-1.844898,-7.244249
360,-3.254995,-7.333133
360,-3.415106,-7.273824
360,-3.518823,-7.209848
360,-3.596368,-7.144021
360,-3.657262,-7.076923
360,-3.705919,-7.008633
360,-3.744718,-6.939039
360,-3.774999,-6.867914
360,-3.797468,-6.794943
360,-3.812351,-6.719707
360,-3.819435,-6.641652
360,-3.817999,-6.560021
360,-3.806575,-6.473718
360,-3.782392,-6.381012
360,-3.739788,-6.278762
360,-3.664197,-6.159561
360,-3.459827,-5.978585
360,-4.844268,-5.158566
360,-4.874313,-5.085249
360,-4.904757,-5.010958
360,-4.935627,-4.935627
360,-4.966952,-4.859187
360,-4.998761,-4.781565
360,-6.816654,-2.874366
360,-6.909337,-2.868835
360,-7.001533,-2.863333
360,-7.093302,-2.857857
360,-7.184701,-2.852403
360,-7.275789,-2.846967
360,-7.366622,-2.841547
360,-7.457197,-2.835574
360,-7.546180,-2.812818
360,-7.640039,-2.852321
360,-7.732256,-2.891133
360,-7.819716,-2.837334
360,-7.905771,-2.601641
360,-10.000000,1.409260
360,-10.000000,0.662952
360,-10.000000,0.021562
360,-10.000000,-0.535898
360,-10.000000,-1.025171
360,-10.000000,-1.458295
360,-10.000000,-1.844633
360,-10.000000,-2.191578
360,-10.000000,-2.505045
360,-10.000000,-2.789822
360,-10.000000,-3.049826
360,-10.000000,-3.288295
360,-10.000000,-3.507926
360,-10.000000,-3.710986
360,-10.000000,-3.899392
360,-10.000000,-4.074779
360,-10.000000,-4.238547
360,-10.000000,-4.391905
360,-10.000000,-4.535898
360,-10.000000,-4.671441
360,-10.000000,-4.799331
360,-10.000000,-4.920270
360,-10.000000,-5.034878
360,-10.000000,-5.143704
360,-10.000000,-5.247236
360,-10.000000,-5.345910
360,-10.000000,-5.440117
360,-10.000000,-5.530206
360,-10.000000,-5.616493
360,-10.000000,-5.699263
360,-10.000000,-5.778775
360,-10.000000,-5.855263
360,-10.000000,-5.928939
360,-10.000000,-6.000000
360,-10.000000,-6.068623
360,-10.000000,-6.134970
360,-10.000000,-6.199192
360,-10.000000,-6.261426
360,-10.000000,-6.321801
360,-10.000000,-6.380432
360,-10.000000,-6.437429
360,-10.000000,-6.492892
360,-10.000000,-6.546915
360,-10.000000,-6.599585
360,-10.000000,-6.650983
360,-10.000000,-6.701185
360,-10.000000,-6.750261
360,-10.000000,-6.798279
360,-10.000000,-6.845299
360,-10.000000,-6.891382
360,-10.000000,-6.936581
360,-10.000000,-6.980949
360,-10.000000,-7.024535
360,-10.000000,-7.067385
360,-10.000000,-7.109543
360,-10.000000,-7.151050
360,-10.000000,-7.191948
360,-10.000000,-7.232272
360,-10.000000,-7.272060
360,-10.000000,-7.311345
360,-10.000000,-7.350161
360,-10.000000,-7.388539
360,-10.000000,-7.426509
360,-10.000000,-7.464102
360,-10.000000,-7.501344
360,-10.000000,-7.538264
360,-10.000000,-7.574887
360,-10.000000,-7.611239
360,-10.000000,-7.647346
360,-10.000000,-7.683231
360,-10.000000,-7.718918
360,-10.000000,-7.754431
360,-10.000000,-7.789792
360,-10.000000,-7.825023
360,-10.000000,-7.860146
360,-10.000000,-7.895184
360,-10.000000,-7.930158
360,-10.000000,-7.965090
720,-10.000000,-8.000000
720,-10.000000,-8.017454
720,-10.000000,-8.034910
720,-10.000000,-8.052372
720,-10.000000,-8.069842
720,-10.000000,-8.087322
720,-10.000000,-8.104816
720,-10.000000,-8.122325
720,-10.000000,-8.139854
720,-10.000000,-8.157403
720,-10.000000,-8.174977
720,-10.000000,-8.192578
720,-10.000000,-8.210208
720,-10.000000,-8.227871
720,-10.000000,-8.245569
720,-10.000000,-8.263305
720,-10.000000,-8.281082
720,-10.000000,-8.298902
720,-10.000000,-8.316769
720,-10.000000,-8.334685
720,-10.000000,-8.352654
720,-10.000000,-8.370678
720,-10.000000,-8.388761
720,-10.000000,-8.406905
720,-10.000000,-8.425113
720,-10.000000,-8.443389
720,-10.000000,-8.461736
720,-10.000000,-8.480158
720,-10.000000,-8.498656
720,-10.000000,-8.517235
720,-10.000000,-8.535898
720,-10.000000,-8.554649
720,-10.000000,-8.573491
720,-10.000000,-8.592427
720,-10.000000,-8.611461
720,-10.000000,-8.630598
720,-10.000000,-8.649839
720,-10.000000,-8.669191
720,-10.000000,-8.688655
720,-10.000000,-8.708237
720,-10.000000,-8.727940
720,-10.000000,-8.747769
720,-10.000000,-8.767728
720,-10.000000,-8.787821
720,-10.000000,-8.808052
720,-10.000000,-8.828427
720,-10.000000,-8.848950
720,-10.000000,-8.869625
720,-10.000000,-8.890457
720,-10.000000,-8.911453
720,-10.000000,-8.932615
720,-10.000000,-8.953951
720,-10.000000,-8.975465
720,-10.000000,-8.997163
720,-10.000000,-9.019051
720,-10.000000,-9.041134
720,-10.000000,-9.063419
720,-10.000000,-9.085911
720,-10.000000,-9.108618
720,-10.000000,-9.131546
720,-10.000000,-9.154701
720,-10.000000,-9.178090
720,-10.000000,-9.201721
720,-10.000000,-9.225602
720,-10.000000,-9.249739
720,-10.000000,-9.274141
720,-10.000000,-9.298815
720,-10.000000,-9.323771
720,-10.000000,-9.349017
720,-10.000000,-9.374562
720,-10.000000,-9.400415
720,-10.000000,-9.426586
720,-10.000000,-9.453085
720,-10.000000,-9.479922
720,-10.000000,-9.507108
720,-10.000000,-9.534654
720,-10.000000,-9.562571
720,-10.000000,-9.590872
720,-10.000000,-9.619568
720,-10.000000,-9.648673
720,-10.000000,-9.678199
720,-10.000000,-9.708161
720,-10.000000,-9.738574
720,-10.000000,-9.769451
720,-10.000000,-9.800808
720,-10.000000,-9.832662
720,-10.000000,-9.865030
720,-10.000000,-9.897929
720,-10.000000,-9.931377
720,-10.000000,-9.965394
720,-10.000000,-10.000000
720,-9.965394,-10.000000
720,-9.931377,-10.000000
720,-9.897929,-10.000000
720,-9.865030,-10.000000
720,-9.832662,-10.000000
720,-9.800808,-10.000000
720,-9.769451,-10.000000
720,-9.738574,-10.000000
720,-9.708161,-10.000000
720,-9.678199,-10.000000
720,-9.648673,-10.000000
720,-9.619568,-10.000000
720,-9.590872,-10.000000
720,-9.562571,-10.000000
720,-9.534654,-10.000000
720,-9.507108,-10.000000
720,-9.479922,-10.000000
720,-9.453085,-10.000000
720,-9.426586,-10.000000
720,-9.400415,-10.000000
720,-9.374562,-10.000000
720,-9.349017,-10.000000
720,-9.323771,-10.000000
720,-9.298815,-10.000000
720,-9.274141,-10.000000
720,-9.249739,-10.000000
720,-9.225602,-10.000000
720,-9.201721,-10.000000
720,-9.178090,-10.000000
720,-9.154701,-10.000000
720,-9.131546,-10.000000
720,-9.108618,-10.000000
720,-9.085911,-10.000000
720,-9.063419,-10.000000
720,-9.041134,-10.000000
720,-9.019051,-10.000000
720,-8.997163,-10.000000
720,-8.975465,-10.000000
720,-8.953951,-10.000000
720,-8.932615,-10.000000
720,-8.911453,-10.000000
720,-8.890457,-10.000000
720,-8.869625,-10.000000
720,-8.848950,-10.000000
720,-8.828427,-10.000000
720,-8.808052,-10.000000
720,-8.787821,-10.000000
720,-8.767728,-10.000000
720,-8.747769,-10.000000
720,-8.727940,-10.000000
720,-8.708237,-10.000000
720,-8.688655,-10.000000
720,-8.669191,-10.000000
720,-8.649839,-10.000000
720,-8.630598,-10.000000
720,-8.611461,-10.000000
720,-8.592427,-10.000000
720,-8.573491,-10.000000
720,-8.554649,-10.000000
720,-8.535898,-10.000000
720,-8.517235,-10.000000
720,-8.498656,-10.000000
720,-8.480158,-10.000000
720,-8.461736,-10.000000
720,-8.443389,-10.000000
720,-8.425113,-10.000000
720,-8.406905,-10.000000
720,-8.388761,-10.000000
720,-8.370678,-10.000000
720,-8.352654,-10.000000
720,-8.334685,-10.000000
720,-8.316769,-10.000000
720,-8.298902,-10.000000
720,-8.281082,-10.000000
720,-8.263305,-10.000000
720,-8.245569,-10.000000
720,-8.227871,-10.000000
720,-8.210208,-10.000000
720,-8.192578,-10.000000
720,-8.174977,-10.000000
720,-8.157403,-10.000000
720,-8.139854,-10.000000
720,-8.122325,-10.000000
720,-8.104816,-10.000000
720,-8.087322,-10.000000
720,-8.069842,-10.000000
720,-8.052372,-10.000000
720,-8.034910,-10.000000
720,-8.017454,-10.000000
720,-8.000000,-10.000000
720,-7.982546,-10.000000
720,-7.965090,-10.000000
720,-7.947628,-10.000000
720,-7.930158,-10.000000
720,-7.912678,-10.000000
720,-7.895184,-10.000000
720,-7.877675,-10.000000
720,-7.860146,-10.000000
720,-7.842597,-10.000000
720,-7.825023,-10.000000
720,-7.807422,-10.000000
720,-7.789792,-10.000000
720,-7.772129,-10.000000
720,-7.754431,-10.000000
720,-7.736695,-10.000000
720,-7.718918,-10.000000
720,-7.701098,-10.000000
720,-7.683231,-10.000000
720,-7.665315,-10.000000
720,-7.647346,-10.000000
720,-7.629322,-10.000000
720,-7.611239,-10.000000
720,-7.593095,-10.000000
720,-7.574887,-10.000000
720,-7.556611,-10.000000
720,-7.538264,-10.000000
720,-7.519842,-10.000000
720,-7.501344,-10.000000
720,-7.482765,-10.000000
720,-7.464102,-10.000000
720,-7.445351,-10.000000
720,-7.426509,-10.000000
720,-7.407573,-10.000000
720,-7.388539,-10.000000
720,-7.369402,-10.000000
720,-7.350161,-10.000000
720,-7.330809,-10.000000
720,-7.311345,-10.000000
720,-7.291763,-10.000000
720,-7.272060,-10.000000
720,-7.252231,-10.000000
720,-7.232272,-10.000000
720,-7.212179,-10.000000
720,-7.191948,-10.000000
720,-7.171573,-10.000000
720,-7.151050,-10.000000
720,-7.130375,-10.000000
720,-7.109543,-10.000000
720,-7.088547,-10.000000
720,-7.067385,-10.000000
720,-7.046049,-10.000000
720,-7.024535,-10.000000
720,-7.002837,-10.000000
720,-6.980949,-10.000000
720,-6.958866,-10.000000
720,-6.936581,-10.000000
720,-6.914089,-10.000000
720,-6.891382,-10.000000
720,-6.868454,-10.000000
720,-6.845299,-10.000000
720,-6.821910,-10.000000
720,-6.798279,-10.000000
720,-6.774398,-10.000000
720,-6.750261,-10.000000
720,-6.725859,-10.000000
720,-6.701185,-10.000000
720,-6.676229,-10.000000
720,-6.650983,-10.000000
720,-6.625438,-10.000000
720,-6.599585,-10.000000
720,-6.573414,-10.000000
720,-6.546915,-10.000000
720,-6.520078,-10.000000
720,-6.492892,-10.000000
720,-6.465346,-10.000000
720,-6.437429,-10.000000
720,-6.409128,-10.000000
720,-6.380432,-10.000000
720,-6.351327,-10.000000
720,-6.321801,-10.000000
720,-6.291839,-10.000000
720,-6.261426,-10.000000
720,-6.230549,-10.000000
720,-6.199192,-10.000000
720,-6.167338,-10.000000
720,-6.134970,-10.000000
720,-6.102071,-10.000000
720,-6.068623,-10.000000
720,-6.034606,-10.000000
720,-6.000000,-10.000000
720,-5.964785,-10.000000
720,-5.928939,-10.000000
720,-5.892440,-10.000000
720,-5.855263,-10.000000
720,-5.817383,-10.000000
720,-5.778775,-10.000000
720,-5.739411,-10.000000
720,-5.699263,-10.000000
720,-5.658301,-10.000000
720,-5.616493,-10.000000
720,-5.573806,-10.000000
720,-5.530206,-10.000000
720,-5.485655,-10.000000
720,-5.440117,-10.000000
720,-5.393549,-10.000000
720,-5.345910,-10.000000
720,-5.297155,-10.000000
720,-5.247236,-10.000000
720,-5.196103,-10.000000
720,-5.143704,-10.000000
720,-5.089982,-10.000000
720,-5.034878,-10.000000
720,-4.978330,-10.000000
720,-4.920270,-10.000000
720,-4.860629,-10.000000
720,-4.799331,-10.000000
720,-4.736297,-10.000000
720,-4.671441,-10.000000
720,-4.604674,-10.000000
720,-4.535898,-10.000000
720,-4.465012,-10.000000
720,-4.391905,-10.000000
720,-4.316458,-10.000000
720,-4.238547,-10.000000
720,-4.158036,-10.000000
720,-4.074779,-10.000000
720,-3.988621,-10.000000
720,-3.899392,-10.000000
720,-3.806913,-10.000000
720,-3.710986,-10.000000
720,-3.611400,-10.000000
720,-3.507926,-10.000000
720,-3.400315,-10.000000
720,-3.288295,-10.000000
720,-3.171573,-10.000000
720,-3.049826,-10.000000
720,-2.922704,-10.000000
720,-2.789822,-10.000000
720,-2.650757,-10.000000
720,-2.505045,-10.000000
720,-2.352174,-10.000000
720,-2.191578,-10.000000
720,-2.022630,-10.000000
720,-1.844633,-10.000000
720,-1.656810,-10.000000
720,-1.458295,-10.000000
720,-1.248113,-10.000000
720,-1.025171,-10.000000
720,-0.788233,-10.000000
720,-0.535898,-10.000000
720,-0.266574,-10.000000
720,0.021562,-10.000000
720,0.330600,-10.000000
720,0.662952,-10.000000
720,1.021417,-10.000000
720,1.409260,-10.000000
720,1.678153,-9.793740
720,1.482079,-9.671946
720,1.376530,-9.569093
720,1.304669,-9.473715
720,1.252937,-9.382861
720,1.215515,-9.295156
720,1.189323,-9.209797
720,1.172566,-9.126249
720,1.164157,-9.044124
720,1.163468,-8.963119
720,1.170195,-8.882989
720,1.184319,-8.803524
720,1.206083,-8.724534
720,1.236049,-8.645847
720,1.275181,-8.567294
720,1.325066,-8.488706
720,1.388347,-8.409904
720,1.469804,-8.330693
720,1.579591,-8.250850
720,-1.292161,-8.117086
720,-1.418483,-8.057436
720,-1.505472,-8.000000
720,-1.572680,-7.943910
720,-1.627132,-7.888761
720,-1.672311,-7.834304
720,-1.710240,-7.780357
720,-1.742206,-7.726779
720,-1.769074,-7.673451
720,-1.791447,-7.620269
720,-1.809752,-7.567136
720,-1.824288,-7.513961
720,-1.835257,-7.460655
720,-1.842782,-7.407127
720,-1.846916,-7.353285
720,-1.847648,-7.299028
720,-1.844898,-7.244249
720,-3.093715,-7.354075
720,-3.254995,-7.333133
720,-3.346306,-7.304501
720,-3.415106,-7.273824
720,-3.471233,-7.242144
720,-3.518823,-7.209848
720,-3.560087,-7.177111
720,-3.596368,-7.144021
720,-3.628554,-7.110619
720,-3.657262,-7.076923
720,-3.682940,-7.042931
720,-3.705919,-7.008633
720,-3.726449,-6.974011
720,-3.744718,-6.939039
720,-3.760867,-6.903686
720,-3.774999,-6.867914
720,-3.787186,-6.831683
720,-3.797468,-6.794943
720,-3.805860,-6.757639
720,-3.812351,-6.719707
720,-3.816900,-6.681073
720,-3.819435,-6.641652
720,-3.819852,-6.601342
720,-3.817999,-6.560021
720,-3.813667,-6.517542
720,-3.806575,-6.473718
720,-3.796333,-6.428313
720,-3.782392,-6.381012
720,-3.763954,-6.331377
720,-3.739788,-6.278762
720,-3.707841,-6.222130
720,-3.664197,-6.159561
720,-3.599247,-6.086498
720,-3.459827,-5.978585
720,-4.844268,-5.158566
720,-4.859242,-5.122026
720,-4.874313,-5.085249
720,-4.889483,-5.048230
720,-4.904757,-5.010958
720,-4.920137,-4.973427
720,-4.935627,-4.935627
720,-4.951231,-4.897550
720,-4.966952,-4.859187
720,-4.982794,-4.820528
720,-4.998761,-4.781565
720,-4.959722,-4.682119
720,-6.816654,-2.874366
720,-6.863060,-2.871596
720,-6.909337,-2.868835
720,-6.955492,-2.866081
720,-7.001533,-2.863333
720,-7.047467,-2.860592
720,-7.093302,-2.857857
720,-7.139044,-2.855127
720,-7.184701,-2.852403
720,-7.230280,-2.849683
720,-7.275789,-2.846967
720,-7.321233,-2.844256
720,-7.366622,-2.841547
720,-7.411960,-2.838842
720,-7.457197,-2.835574
720,-7.498603,-2.792793
720,-7.546180,-2.812818
720,-7.593321,-2.832658
720,-7.640039,-2.852321
720,-7.686346,-2.871810
720,-7.732256,-2.891133
720,-7.777779,-2.910292
720,-7.819716,-2.837334
720,-7.861793,-2.722090
720,-7.905771,-2.601641
720,-10.000000,1.409260
720,-10.000000,1.021417
720,-10.000000,0.662952
720,-10.000000,0.330600
720,-10.000000,0.021562
720,-10.000000,-0.266574
720,-10.000000,-0.535898
720,-10.000000,-0.788233
720,-10.000000,-1.025171
720,-10.000000,-1.248113
720,-10.000000,-1.458295
720,-10.000000,-1.656810
720,-10.000000,-1.844633
720,-10.000000,-2.022630
720,-10.000000,-2.191578
720,-10.000000,-2.352174
720,-10.000000,-2.505045
720,-10.000000,-2.650757
720,-10.000000,-2.789822
720,-10.000000,-2.922704
720,-10.000000,-3.049826
720,-10.000000,-3.171573
720,-10.000000,-3.288295
720,-10.000000,-3.400315
720,-10.000000,-3.507926
720,-10.000000,-3.611400
720,-10.000000,-3.710986
720,-10.000000,-3.806913
720,-10.000000,-3.899392
720,-10.000000,-3.988621
720,-10.000000,-4.074779
720,-10.000000,-4.158036
720,-10.000000,-4.238547
720,-10.000000,-4.316458
720,-10.000000,-4.391905
720,-10.000000,-4.465012
720,-10.000000,-4.535898
720,-10.000000,-4.604674
720,-10.000000,-4.671441
720,-10.000000,-4.736297
720,-10.000000,-4.799331
720,-10.000000,-4.860629
720,-10.000000,-4.920270
720,-10.000000,-4.978330
720,-10.000000,-5.034878
720,-10.000000,-5.089982
720,-10.000000,-5.143704
720,-10.000000,-5.196103
720,-10.000000,-5.247236
720,-10.000000,-5.297155
720,-10.000000,-5.345910
720,-10.000000,-5.393549
720,-10.000000,-5.440117
720,-10.000000,-5.485655
720,-10.000000,-5.530206
720,-10.000000,-5.573806
720,-10.000000,-5.616493
720,-10.000000,-5.658301
720,-10.000000,-5.699263
720,-10.000000,-5.739411
720,-10.000000,-5.778775
720,-10.000000,-5.817383
720,-10.000000,-5.855263
720,-10.000000,-5.892440
720,-10.000000,-5.928939
720,-10.000000,-5.964785
720,-10.000000,-6.000000
720,-10.000000,-6.034606
720,-10.000000,-6.068623
720,-10.000000,-6.102071
720,-10.000000,-6.134970
720,-10.000000,-6.167338
720,-10.000000,-6.199192
720,-10.000000,-6.230549
720,-10.000000,-6.261426
720,-10.000000,-6.291839
720,-10.000000,-6.321801
720,-10.000000,-6.351327
720,-10.000000,-6.380432
720,-10.000000,-6.409128
720,-10.000000,-6.437429
720,-10.000000,-6.465346
720,-10.000000,-6.492892
720,-10.000000,-6.520078
720,-10.000000,-6.546915
720,-10.000000,-6.573414
720,-10.000000,-6.599585
720,-10.000000,-6.625438
720,-10.000000,-6.650983
720,-10.000000,-6.676229
720,-10.000000,-6.701185
720,-10.000000,-6.725859
720,-10.000000,-6.750261
720,-10.000000,-6.774398
720,-10.000000,-6.798279
720,-10.000000,-6.821910
720,-10.000000,-6.845299
720,-10.000000,-6.868454
720,-10.000000,-6.891382
720,-10.000000,-6.914089
720,-10.000000,-6.936581
720,-10.000000,-6.958866
720,-10.000000,-6.980949
720,-10.000000,-7.002837
720,-10.000000,-7.024535
720,-10.000000,-7.046049
720,-10.000000,-7.067385
720,-10.000000,-7.088547
720,-10.000000,-7.109543
720,-10.000000,-7.130375
720,-10.000000,-7.151050
720,-10.000000,-7.171573
720,-10.000000,-7.191948
720,-10.000000,-7.212179
720,-10.000000,-7.232272
720,-10.000000,-7.252231
720,-10.000000,-7.272060
720,-10.000000,-7.291763
720,-10.000000,-7.311345
720,-10.000000,-7.330809
720,-10.000000,-7.350161
720,-10.000000,-7.369402
720,-10.000000,-7.388539
720,-10.000000,-7.407573
720,-10.000000,-7.426509
720,-10.000000,-7.445351
720,-10.000000,-7.464102
720,-10.000000,-7.482765
720,-10.000000,-7.501344
720,-10.000000,-7.519842
720,-10.000000,-7.538264
720,-10.000000,-7.556611
720,-10.000000,-7.574887
720,-10.000000,-7.593095
720,-10.000000,-7.611239
720,-10.000000,-7.629322
720,-10.000000,-7.647346
720,-10.000000,-7.665315
720,-10.000000,-7.683231
720,-10.000000,-7.701098
720,-10.000000,-7.718918
720,-10.000000,-7.736695
720,-10.000000,-7.754431
720,-10.000000,-7.772129
720,-10.000000,-7.789792
720,-10.000000,-7.807422
720,-10.000000,-7.825023
720,-10.000000,-7.842597
720,-10.000000,-7.860146
720,-10.000000,-7.877675
720,-10.000000,-7.895184
720,-10.000000,-7.912678
720,-10.000000,-7.930158
720,-10.000000,-7.947628
720,-10.000000,-7.965090
720,-10.000000,-7.982546
