shape,mode,rms_error,max_error,rms_yaw,force_peak,torque_peak,min_clearance,saturated_updates
0,0,0,0,0,nan,nan,1.8,0
0,1,0.000392616,0.000918082,4.93775e-05,0.407895,0.0020781,1.7998,0
0,2,0.0611227,0.0783938,0.00557185,0.457241,0.00235443,1.74207,0
0,3,0.04262,0.0526742,0.00385157,0.402178,0.00210771,1.75984,0
0,4,0.971271,1.89963,4.93775e-05,0.2,0.0020781,1.41314,1185
1,0,0,0,0,nan,nan,2.8,0
1,1,0.00089821,0.00175834,4.93775e-05,0.507822,0.0020781,2.79979,0
1,2,0.0915147,0.126558,0.00557185,0.637575,0.00235443,2.74001,0
1,3,0.0669057,0.0942412,0.00385157,0.56909,0.00210771,2.75494,0
1,4,0.950824,1.80177,4.93775e-05,0.2,0.0020781,2.4327,1179
