mode,t,status,primal,dual,new_fx,new_fy
6,3.96,max_iterations,0.000188032,0.000113362,-0.0906815,0.35
6,4.44,max_iterations,4.19824e-05,0.000519691,0.152231,0.35
6,7.92,max_iterations,0.000165489,0.00232098,0.35,-0.35
6,8.42,max_iterations,9.48012e-05,0.000677585,0.35,-0.35
6,11.86,max_iterations,1.10496e-05,7.79234e-05,-0.35,0.35
6,12.58,max_iterations,1.80152e-05,7.10555e-05,-0.35,0.35
6,12.96,max_iterations,0.000738607,0.00231201,-0.35,0.35
6,13.38,max_iterations,1.85282e-05,0.000211022,-0.35,0.234133
6,13.82,max_iterations,0.000167319,0.00445551,-0.35,-0.0703245
6,14.26,max_iterations,0.00056989,0.000225109,-0.35,-0.272127
6,14.74,max_iterations,1.23398e-05,0.000107601,-0.35,-0.35
6,15.26,max_iterations,4.09994e-05,7.70266e-05,-0.35,-0.35
6,18.54,max_iterations,0.00011991,0.00122836,0.35,0.35
6,18.96,max_iterations,3.11119e-06,0.000482688,0.35,0.35
6,19.4,max_iterations,0.00102548,0.00215473,0.35,0.144392
6,19.84,max_iterations,1.95376e-06,0.0289405,0.35,-0.139024
6,20.28,max_iterations,0.00101021,0.00588289,0.35,-0.305419
6,20.72,max_iterations,0.00195876,9.6828e-05,0.35,-0.35
6,21.18,max_iterations,0.00218654,0.000295802,0.35,-0.35
6,21.64,max_iterations,0.000193267,0.00368212,0.35,-0.35
6,22.18,max_iterations,2.16359e-05,0.00175046,0.35,-0.35
