route,seed,reason,success,sim_seconds,collision_attempts,accepted_plans,stops,ATE_initial_aligned_map_RMSE_m,RPE_1s_translation_RMSE_m,tracking_RMSE_m,true_goal_error_m,planning_p95_ms,mpc_p95_ms,mpc_failures,unknown_initial_fraction,unknown_final_fraction,localization_samples,reference_samples,min_true_disk_clearance_m
A,42,reached,True,20.8,0,103,10,0.0,0.0,0.0,0.11555800376775296,7.147109499999999,,0,0.8890495867768595,0.748305785123967,4181,3962,0.4444362783870223
B,42,reached,True,24.045,0,89,6,0.0,0.0,0.0004140065257568702,0.004440687641322557,6.9633836,0.376401,0,0.8886776859504132,0.7469214876033058,4810,851,0.40582966504013457
C,42,reached,True,26.44,0,106,6,0.005401396185267413,0.002570396145211546,0.002022602646619196,0.01205692382879591,8.5810322,0.4175509999999999,0,0.8890495867768595,0.7563636363636363,5290,1019,0.3701517219938642
A,43,reached,True,26.18,0,127,13,0.0,0.0,0.0,0.11877471434342327,7.7485895,,0,0.9291735537190082,0.7569421487603306,5258,4939,0.4811090404536868
B,43,reached,True,24.015000000000004,0,87,6,0.0,0.0,0.0004581833761987291,0.004181707934540233,8.265845999999998,0.42434299999999986,0,0.9294834710743801,0.7546487603305785,4805,857,0.47383170464836327
C,43,reached,True,24.91,0,86,6,0.004947016694688184,0.002206883815500947,0.00204445170133159,0.009724422229407292,9.264135999999995,0.4625109999999999,0,0.929297520661157,0.7567768595041322,4986,827,0.41748947745210846
A,44,reached,True,24.515,0,122,7,0.0,0.0,0.0,0.11397368948153855,8.491670999999998,,0,0.9137603305785124,0.7588842975206611,4924,4785,0.5302029222225182
B,44,reached,True,27.605,0,105,7,0.0,0.0,0.0003757529708468588,0.006478017428012013,8.246472999999998,0.38442999999999994,0,0.9137603305785124,0.7559297520661157,5543,1027,0.5740578979331787
C,44,reached,True,28.225,0,95,7,0.005759352555958889,0.0025476694272702125,0.0017636275956851584,0.011327324750932543,10.1266395,0.404756,0,0.9136363636363637,0.7638636363636364,5789,927,0.4354260870774808
