obstacles,beams,repeats,setup_ms,upload_ms,cpu_p50_ms,cpu_p95_ms,kernel_p50_ms,download_p50_ms,gpu_scan_p50_ms,gpu_scan_p95_ms,max_error_m
0,90,60,61.068341,0.01213,0.00229,0.00235,0.00988799985,0.00466,0.0188,0.0227,0
0,720,60,0.04262,0.00386,0.01716,0.01723,0.00998399965,0.00487,0.019151,0.02036,0
0,4096,60,0.0309,0.00226,0.096181,0.09788,0.0160639994,0.0066,0.027051,0.0298,0
0,16384,60,0.02857,0.00193,0.377871,0.380212,0.0330879986,0.01269,0.05031,0.05592,0
16,90,60,0.04991,0.00349,0.01158,0.01171,0.0549120009,0.00464,0.0638,0.06525,0
16,720,60,0.04541,0.00335,0.08728,0.088731,0.0570559986,0.00487,0.06626,0.067601,0
16,4096,60,0.03038,0.00191,0.483311,0.489231,0.100256003,0.00662,0.11108,0.11241,0
16,16384,60,0.05601,0.00339,1.922816,1.961356,0.249632001,0.01267,0.267451,0.275301,0
128,90,60,0.081301,0.00454,0.08414,0.08579,0.360736012,0.00465,0.369761,0.372061,0
128,720,60,0.04172,0.0027,0.654882,0.657253,0.386752009,0.00472,0.396241,0.399941,0
128,4096,60,0.05496,0.00395,3.670222,3.690402,0.689855993,0.00667,0.701412,0.710983,0
128,16384,60,0.08379,0.00472,14.566686,14.637486,1.720384,0.01293,1.739126,1.747166,0
512,90,60,0.09175,0.00597,0.327021,0.331201,1.41328001,0.00483,1.422404,1.426904,0
512,720,60,0.08523,0.00526,2.580208,2.594478,1.51532805,0.00491,1.525115,1.533645,0
512,4096,60,0.089691,0.00697,14.606316,14.849156,2.69299197,0.00715,2.705779,2.728109,0
512,16384,60,0.11006,0.00778,57.913182,58.299883,6.76595211,0.01284,6.783922,6.829151,0
